100 100
2.4260890579595625e-02
-3.6206395148677399e-02
-1.1504125184749010e-02
2.1264516842891431e-02
-3.8006453297996623e-02
1.0100587318823009e-02
4.5691714104998072e-03
4.2979197702317312e-02
9.8013575260434641e-03
1.3690937961882383e-02
-4.0880875320361432e-03
-1.5122652683179739e-02
-2.4761074671713405e-02
-2.6719006683362658e-02
-6.0688125148597423e-03
1.3776085251055590e-02
4.7618134321085756e-03
1.7884806002794909e-03
1.5995373675964947e-02
-9.9932127312697076e-03
1.4295042818685221e-03
-2.0827076612113332e-02
-2.2076778504247378e-02
1.8324282689322850e-03
8.5193217243563352e-03
-2.8061141522448235e-02
1.0893753336411481e-02
-3.0425027827373878e-02
-2.6989945485574367e-02
-8.8599063865547126e-03
-1.6367607355576179e-02
1.2161645124717077e-02
1.1532552758980819e-02
-2.4384337735089238e-02
3.7271549482851274e-02
-1.8673148993933637e-02
2.8004967318435138e-02
3.7091511264768250e-02
2.5872742717156501e-03
-9.6409712400352572e-03
9.6042792901845728e-03
-5.6286145945133592e-04
2.2021909241058776e-02
-5.5372187796292665e-03
-2.5131719045682266e-03
-8.1975709750986437e-03
-2.0182814820457723e-02
2.4697232673343974e-02
2.0222075836125796e-02
-1.2229959148874340e-02
-2.0532888129843625e-02
8.2392571302803558e-03
3.9032272772016909e-02
2.6331554934897718e-02
-2.7351143421431214e-02
-3.2927487304551778e-02
1.2516081709777886e-02
-2.7033614455040423e-02
-8.5126437557835090e-03
-1.0907465986580567e-02
3.1147314272418048e-03
-3.8337462374309263e-03
-2.8331032462206485e-04
-4.5033868260470671e-02
-3.4664891291365213e-02
-2.6431999033704554e-02
-1.0739972406662903e-02
3.3715094374718861e-02
-9.6727970646761467e-03
2.4100561275389922e-02
1.6331988097116456e-02
-2.5444356003740298e-02
5.1608273265689366e-03
3.2397706770008569e-02
1.4209222816160200e-03
1.5729761964439162e-02
-2.8623651991521559e-02
3.4149727934522801e-03
6.7507673902920728e-02
1.6006682793259352e-02
-4.3087929834627094e-02
-4.8058736483283480e-02
-4.9425442079329987e-02
1.1973748215016343e-02
9.0314523948916373e-03
9.2167025967796901e-03
9.0884625768856645e-03
-4.2617985017036923e-03
1.3092300503786366e-02
8.9619078948125069e-03
4.6013747612951399e-03
-3.0536287909260179e-03
-2.9405725330677309e-02
-1.6923233380209415e-02
-2.9374542250738690e-02
2.5962008267347816e-02
7.5406670970801885e-03
-2.4537055866703281e-02
-1.6085656638455802e-02
-6.3915365854723839e-03
1.5110570351666828e-03
1.5132859246941513e-04
1.4321962560539039e-02
8.6944674625282631e-03
1.4646834916086168e-02
8.0112385815681400e-04
1.6785154282287974e-02
-1.4766149136105985e-02
-1.5954781637705941e-02
-1.2642177424808635e-02
-1.9027587139813916e-02
3.1803043999964298e-03
-4.0167663908418911e-04
-1.6801524477041890e-02
-1.4947013928212549e-02
5.5999369552817684e-03
7.2812071474023946e-03
-7.1976865243145883e-03
2.8002789179055300e-03
-1.4996182836263777e-02
1.4771489072213874e-02
-2.5928116832005365e-03
8.0169064104160005e-03
8.1895979233503717e-03
1.0454303998615532e-02
7.1887345623610120e-05
1.1298170964774555e-02
1.7022840277031673e-02
3.6908486095353903e-02
-1.1019029807483408e-02
1.3433148920333760e-02
5.2590684418783512e-03
1.2735353464970164e-02
2.1441226143001649e-02
9.2838673334230768e-04
-1.1435716647648954e-02
-1.6391330025043879e-02
-2.3636926250603176e-02
-1.8204864084340100e-03
-5.9892494917356280e-04
-6.7394594784569665e-03
4.6445764112277533e-03
-1.1608576010300742e-02
-3.3072193119267528e-03
1.3288047948911962e-02
2.2771908117132779e-03
3.7444739231251938e-03
-1.3891787438200741e-02
-7.6524572370137850e-03
4.3456396006923796e-03
-2.3380682476055480e-03
1.4576569465265596e-02
-1.9996367696236771e-02
1.5510353280587400e-02
-1.1222160914627239e-02
3.0813661887640308e-03
-1.4448287273089075e-02
6.2534890280331245e-03
1.1169097920384173e-02
-1.7777996560923613e-03
-1.1836486689760116e-02
-3.4967466658889744e-03
3.5921935043040244e-03
6.4722240163668271e-04
8.2155820583561922e-03
2.2157852320808641e-03
8.3486858095814520e-03
-6.0086460890370359e-03
2.4512160689042231e-02
1.8898403983104158e-02
-4.3821820954845605e-03
-5.9523384727610262e-03
5.1538433629438607e-03
1.1996493351781816e-02
2.0684214968388678e-02
4.8459250635575655e-03
2.2975203300957377e-02
3.4755051394422523e-03
-4.8212988514195074e-02
-1.0214574265770692e-02
-1.0549106868891019e-02
-6.9014594371970108e-03
1.4183930321033928e-02
5.3666294040666581e-03
-9.4692013904865736e-03
-5.3069773109196833e-03
-9.8930889356574434e-04
-1.0620338310733069e-02
-9.4659183695472889e-03
4.0201767712518327e-03
-4.8157448128935375e-03
-4.4238232142974456e-03
2.6911034842699501e-02
-1.0324662140323038e-02
1.8221801939924436e-02
-4.8144546288688712e-03
5.3866907986930114e-03
-1.0226857227104180e-02
-3.3209209713097785e-03
-1.9898624121410326e-02
-4.9277711234987753e-02
2.8105707022959284e-02
-3.3207039971598126e-03
4.9216683180243245e-03
3.5906037448126555e-03
-4.6991575742666852e-02
7.2202435170401376e-03
4.0989210895519788e-03
-1.4635649895923124e-02
8.6234042893170992e-03
1.1554021128662207e-02
-2.3760071347006823e-02
3.4293579745102963e-03
7.7358804549203242e-04
2.0349341271653987e-02
-2.0092733201425753e-02
1.4608903141049604e-02
7.0090066979632808e-03
5.4215778040189296e-02
1.1707476709435824e-02
7.6296036737930808e-03
1.1074547158654371e-02
3.7220594735856864e-02
-1.2841318764472410e-02
1.0636202165401409e-02
6.2171587051447911e-03
3.4015852713550065e-03
-1.5884253923077419e-03
-2.6508452025004814e-03
1.6142337472701208e-02
6.5666369856903564e-03
-2.1628453082108853e-02
1.8848632418699378e-02
5.4935573518708751e-02
-3.9816423535950600e-02
1.4896353357954004e-02
-5.8244942090621404e-03
-1.9635618615445573e-02
-2.5904293661586392e-02
1.0712172374301698e-02
1.8690613712816447e-02
-2.9072183052036907e-02
-3.1514371607460144e-02
-7.1736919983474284e-02
3.3161880521767370e-02
-2.1030695184958099e-02
3.3751339276631327e-02
-2.2471791078043167e-02
-1.8876722195360851e-02
-1.2218203489942729e-02
-2.4505000855858817e-02
-2.5625983793241054e-02
-2.1514520974524921e-03
-1.5897841917706265e-02
6.8038991143770169e-03
8.9826354254101612e-03
-1.8209371266436934e-02
-2.6132364096501833e-03
-4.2055204788264910e-02
-2.7413788759655468e-02
3.4412793401231170e-02
1.0115905754785114e-02
1.7097537872435429e-02
5.3477912317895920e-02
1.3333375180774994e-02
7.3879099605087366e-03
5.4152256143421507e-02
-3.9163045548696790e-02
-5.6442564629464995e-02
-6.2333504219221431e-02
1.1428555121316054e-02
4.2681913144310801e-02
2.0017360769930173e-02
-1.5321562229689310e-02
-3.7482764270202466e-02
7.7056647349540222e-03
2.0312484892399257e-02
1.6973060958733646e-02
1.0075525688631980e-02
4.4684987916054006e-02
1.9705584665306326e-02
2.6768555979303887e-02
-9.4036041419965667e-03
-4.2279723084241404e-02
1.1734859165894410e-02
-1.8919815276220234e-02
-2.5040950819549518e-02
7.6702275018182622e-03
4.1512602967229743e-02
4.9286981442300801e-02
-1.8581974382428007e-02
9.2670785082922758e-02
-2.3508010217495327e-02
3.0239780764366911e-02
-2.7789588359050845e-03
-1.2191971482168367e-02
-1.5181475373706215e-02
1.8130952239732680e-02
1.1878186642537656e-02
-1.5698979853481544e-02
7.8379292075672624e-05
2.1288293193495620e-03
1.3807978514994381e-02
1.2005915874332541e-02
2.4600739976304443e-02
6.6378957672810247e-03
1.2781363206821116e-02
-4.4205527909701434e-02
2.1031743855020560e-02
-7.6520698144663460e-03
2.5918435944218016e-03
3.0953084347316306e-02
2.6424530216146635e-03
1.0145703539375467e-02
-2.3392959301201957e-02
1.2575862817715139e-02
3.6883785978887224e-03
1.8351703743749717e-03
-1.2491268522784916e-02
-5.7368711442952131e-03
-2.9034831052401951e-03
4.3520324075163779e-03
-1.3112650899985229e-02
1.2561668360074999e-02
-2.1078053723244325e-02
1.7937021873893864e-03
3.0904357804549098e-03
1.1843706298493684e-02
3.8659138908341099e-02
-7.7626915020750486e-05
1.1855591685532766e-02
2.4319162634418946e-02
1.5242549374245839e-02
9.1550990969406221e-03
-1.0431500826712346e-02
7.6306411761822607e-04
3.0989312208175024e-03
-2.2843901335749872e-02
-9.9188408406246584e-03
4.7047162448136228e-03
2.3260681547908821e-03
1.2667632027420789e-02
-8.4868862342906484e-03
1.7123156215475201e-02
-5.7625706301345156e-03
-4.8127765444945870e-03
-2.2406321150101674e-02
-1.0488181199042804e-02
-1.0874374148979963e-02
1.1252637395022667e-02
2.3785703234712428e-02
7.3110952121082234e-03
-2.0316934341146686e-02
-1.5072230153116237e-03
1.8450928223698149e-02
1.6429568600847443e-02
-2.0679659706586057e-03
1.1723808667513958e-02
2.7219221375146201e-02
1.8729511028270071e-02
-2.2784251791882287e-02
1.5091054083282839e-02
3.5887803479415260e-03
4.6929763959363026e-04
1.3236811470530451e-02
1.4465490550697582e-02
2.7797167936924001e-02
-2.0193183451115860e-03
1.9573496260453752e-02
7.2464323811269257e-03
6.4933567389162360e-03
5.6350659636008240e-03
-1.1691618264318977e-02
-1.2699975775763223e-02
1.9478633044856711e-02
2.3806036620209144e-03
3.5793736589459703e-02
-1.2934777178010866e-02
-5.7906911274426695e-02
-2.2922395662244143e-02
4.1360032068178633e-03
3.3713381032526519e-03
3.0154104764159650e-02
-2.0529059199674788e-03
-1.1135218883948845e-02
-1.6494254735339938e-02
-1.1543681139955454e-02
2.8759023363171621e-03
-6.5631992792202134e-03
-1.0931016710616887e-02
2.9041471450747872e-02
-1.4083679536694539e-02
9.0376733401424155e-03
-2.1935845111628785e-02
4.0172634125874573e-03
2.1570510378231753e-03
6.8409481580454009e-03
-1.8952506292978788e-02
-1.0503355464096125e-02
1.6379538110627270e-02
1.6486319879816087e-02
-6.2455563520832881e-04
-8.9782465921850289e-03
4.0179576054641623e-03
-2.0498439152362685e-02
1.4716203484492530e-02
-1.8281345585022885e-02
5.4894497078077815e-02
2.2918532278484637e-02
-2.0810467581683090e-03
9.6534651180252996e-03
-7.0881368179590357e-03
-9.6315663465502584e-03
-7.4485806261115539e-03
1.5806563128105230e-02
-1.4211853807157358e-02
-1.4559323742872724e-02
-2.1014666383075059e-02
-2.4928944663682724e-03
-5.1342740340777288e-03
1.3799607693190709e-03
-5.7354195051642059e-03
-1.7211478665115777e-02
-5.3334631648347518e-03
2.0521293576386329e-04
-2.7415172819407708e-03
1.1764749933318995e-02
-1.4013259114869125e-02
-4.7155572804121491e-02
-6.5930823442977952e-03
4.1358028207844873e-03
-4.1486389948007466e-03
-2.4831578066164390e-02
-2.2281293649839561e-02
2.4175852666442375e-02
6.7578214627153264e-04
1.2802641991397292e-02
3.6794425102449409e-02
1.6834406849251343e-02
-9.0479011949547699e-03
-1.1331173648440966e-02
8.4823064428249015e-04
2.5649386608672504e-02
2.3771593939823334e-02
-1.3845519392143863e-02
9.8273408310645943e-03
1.2489773510531714e-03
2.0468181968485041e-02
1.9393619487258894e-02
-1.1139567307816943e-02
-9.9783726279980833e-03
-1.5020202080655021e-02
3.0671884687325398e-02
5.1459764177387212e-03
-1.8759503061464393e-02
-1.3807618176260033e-02
2.0024052195729866e-03
-1.1381484164429283e-02
-1.8042426036711495e-02
-3.9676815327983799e-03
1.7084059274750187e-02
-1.9678608410846111e-02
5.5130699935640381e-03
-1.9527507857001775e-02
-1.5064337621615773e-02
-1.6550343791218679e-02
-3.1860182814184672e-02
2.8279609585792315e-02
8.2842753102630850e-04
-1.2745757688822468e-02
-1.7535485027925797e-02
-2.3804760782371814e-02
1.7914144949843620e-02
-5.8133557448390525e-03
-1.9697560984732590e-02
2.8426527145735807e-04
-4.5963327168386386e-02
9.7877095858599199e-03
5.1670795675904241e-02
5.8631663493215712e-04
-1.8083529174711996e-02
-9.7027803330004148e-03
-2.2265122388572974e-02
1.0577967521949916e-02
-1.8538424896788856e-03
2.9705887039740426e-02
1.6341172802125853e-02
9.7783588628343188e-03
-1.4090124214184629e-03
-5.3232507190120919e-03
-3.1611853406568525e-03
-1.9209866421158437e-02
-3.9726411755783243e-03
2.0187668281186524e-02
-1.2497862854799219e-02
1.3677099283693896e-02
-8.2769686351911245e-03
-3.3611574761785857e-03
-1.8860942972841448e-02
6.2501327288666192e-03
-3.3845035251231260e-03
1.1065275575508004e-02
-5.5652387467777431e-03
-7.6260634309480227e-03
2.4881060337017102e-03
-1.3701122925520483e-02
-5.3011603747424212e-03
1.4926479630064257e-02
5.4288518626698524e-03
-9.2675291908115714e-03
2.0598720241178644e-02
-6.9913882958456868e-03
1.1193630524064975e-03
1.8382817175030410e-02
1.0429467796492422e-02
-2.0750946092148240e-02
1.5402422051681949e-02
-1.2808443085280334e-02
2.6976530700010180e-02
1.3913891514754554e-02
-2.8428367904055840e-02
3.2262517711272244e-03
8.0532018142816450e-03
1.3753932242959047e-02
-2.2039419819376554e-02
-5.0543643757636359e-03
1.7748349047452515e-03
-2.2776965186590555e-02
-3.8080742331737770e-02
7.4176355742583480e-03
4.8134321483110870e-04
8.5924275507379376e-03
-1.9333335267687355e-02
6.7454349211257640e-03
-1.6048736053299928e-02
-5.3572737813907386e-03
2.3489427988809554e-03
2.6068810708229372e-02
3.4650539759973030e-03
-5.1228647815168811e-03
1.0109559641121514e-02
4.9280795166127319e-03
2.7070717734389181e-03
-1.4796740008850982e-02
-4.2354657764482016e-03
-1.7407450431078168e-02
9.4835895095722531e-03
-1.3974163291751288e-02
4.4456335235972168e-03
-1.7908280862631038e-02
-6.8814065115206753e-03
-3.6598889582763014e-02
2.3544389275717649e-02
-4.0022394483019896e-03
-8.7797924641131158e-04
1.7333399816666838e-02
-4.3269021349192777e-03
-1.3235050250168856e-02
-4.1529673926019167e-02
-7.9605020966885646e-04
9.6783544748444278e-03
6.5710755085225080e-03
1.6012110297381612e-02
2.3191617302402826e-02
1.6532592418861346e-04
-1.1196356090742482e-02
2.0489062365739545e-02
2.1239780605953294e-06
-3.1210114641211529e-02
-4.0249617902589706e-02
-6.5497079138976018e-03
3.5210969894558963e-02
7.6637695215880271e-03
-6.1132588725200838e-03
-3.1938151441484944e-02
1.3443676223433331e-04
-1.1040996663566845e-02
1.8489370754943016e-02
3.4303056847493685e-02
8.6315225919737434e-03
6.2160651185574011e-05
1.0305364753125433e-02
-1.0530463413074063e-02
-2.1307812271501400e-02
-2.9564260370830253e-03
-7.3340111708508375e-03
3.2024413737665237e-03
1.7316966853616493e-02
7.9397783295343718e-03
2.0453037775438099e-02
-3.3554464180209721e-02
2.0319913459022801e-02
-1.4391829544362163e-02
6.9399136533760423e-03
-1.4328377161307825e-02
-4.2660871298080922e-03
2.1736507424152309e-03
1.3391374332125434e-02
3.3711799003757806e-03
-2.5148238981797955e-03
3.4293669297756207e-03
2.7421140494745112e-03
-9.9743914869600547e-03
-8.1523540800948271e-03
5.6620543223863352e-03
-1.0197872114767661e-03
-1.3228644711261279e-02
-2.0325210765481744e-02
9.5937190600436824e-03
9.8379228117136293e-03
2.8609450613421347e-02
1.1991077041093328e-02
1.8792499724037307e-02
1.7279450547016018e-02
-9.2704394115362618e-06
5.8222586023071151e-03
9.4989444441068386e-03
7.0927904888948004e-03
-1.7897389262477137e-02
5.7168048175689811e-03
-1.2857674306711524e-02
-1.0310485086649543e-02
-1.2420610942474439e-02
2.0100122930462273e-04
-3.1171331898500677e-02
-6.7518459981946426e-03
-1.8081374772983490e-02
-2.8385785448042804e-02
-3.5456354929106856e-02
1.6843466075370061e-03
-9.8344411725995416e-03
1.2381260749067544e-02
-1.6210467045882724e-02
-1.5708356801171820e-02
2.1317493281417947e-04
5.3073416898023285e-04
1.4003990138550524e-02
1.4467123369256431e-02
-5.2275143006553799e-03
-3.9484546470726677e-03
-1.4477526769016962e-03
1.0351367559958559e-02
9.2516244245949338e-03
1.7627720454076855e-02
-2.4663303124879667e-02
5.0880941545640365e-03
-1.4960857587443555e-02
7.3310569286255591e-03
-3.9781292878056061e-03
-1.0207067652620454e-02
1.4863564471171370e-02
-2.5598372017662793e-02
8.9175871713891037e-03
-1.8947856620645447e-02
2.5778774218831353e-02
1.0043920276158474e-02
8.7559275702079348e-03
1.5136121756904351e-02
-2.6094464226975381e-04
1.3326164893303195e-02
3.8829673751872027e-03
1.3777460824816007e-02
-1.4510705762779519e-02
3.9483319963653368e-03
-3.8292684472390902e-03
4.7109135400339522e-03
-7.3437092561663263e-04
7.6194181908586988e-03
-2.8254246849763022e-03
-2.0742910618506361e-02
-7.4425730563547109e-03
9.5138217384825585e-03
-1.9981438799206101e-02
-1.1990775762296083e-02
-1.4279546059234503e-02
-6.4947770703598223e-03
-7.8348761765213125e-03
-1.8125450853799879e-02
1.7844722192668798e-02
-1.5493064463565336e-02
7.4022122376624236e-03
5.8385318909150944e-03
-9.2972906115492832e-03
-1.0448999470422710e-02
8.9094632249821296e-03
2.6412229219129899e-03
3.3896398650833355e-03
2.4326208449308856e-02
-2.0809962764725088e-03
-1.5958100349990297e-02
1.6845587549322001e-03
-1.1612850823791668e-02
9.5126081122875105e-04
9.1769775481966610e-03
-1.5713436773591445e-02
1.3079126681629968e-03
-3.5964012762627765e-04
2.6204659608472149e-03
1.2944302910432401e-02
8.2253073284696727e-03
-1.5967897840768693e-02
2.0706741447654966e-02
1.0060601357903345e-02
-8.5389384062026473e-03
2.2079293801538401e-02
-5.2309543876507894e-03
-4.5748874672771498e-03
-1.7040502692759311e-02
5.1911196864496446e-03
-9.9897599099340820e-03
4.3565268400851207e-03
4.9403121786459319e-03
1.1928319827966775e-02
2.3834439388629055e-02
8.7367359070015544e-03
-2.5135577564192754e-02
-5.5003249425799238e-03
-8.8252738838434511e-04
7.4577461596327813e-03
8.3347619855045230e-03
-5.8293724119000108e-03
1.4260702483042504e-02
1.6084404657274610e-02
-2.8666051986188457e-03
-9.0222036996925447e-03
1.7761271543406513e-02
3.8708500142565733e-03
2.1408571698943012e-02
1.4127442313280336e-02
8.8993643956279990e-03
1.1382029122859960e-02
-2.9043354043810587e-03
-6.5108043624992635e-03
2.6098795411205283e-02
-3.0421117857077015e-02
1.3235934865840567e-02
-1.0359238946609547e-02
-1.9784520582374367e-02
-1.8996032960144418e-03
1.2610664496253332e-03
-1.0415135090361343e-04
1.3476641836499092e-03
-1.3201925648054263e-02
-8.1623993819426970e-03
1.0731394422326054e-02
-5.9079077632623747e-03
1.3883306457751838e-02
-1.7690488530545882e-02
-1.0173588280424150e-02
2.6353763232959807e-03
4.2168754335875384e-03
-1.2820923590918401e-02
-1.8458744213677006e-02
-9.9089190831637506e-03
9.0822807964075457e-03
2.4688846964998786e-02
-1.3948138982018243e-02
1.3579551216464109e-03
-8.8695007726843286e-03
4.7521272660737803e-03
-4.1783939599295905e-04
-1.9241770315562780e-03
1.7987100605163606e-02
3.1637228833066355e-02
2.1071274240683752e-02
1.6575534614757560e-02
2.4244144073803413e-02
-1.9633977944016751e-02
-7.0011016529933764e-03
-3.0547887438936969e-02
1.4852003987427236e-05
2.6070265927339610e-02
7.4667431701543954e-03
-1.2577233863873208e-02
-3.1935751821775479e-03
-5.2679222778210747e-03
1.7530068297534146e-02
5.8095206508681609e-03
-3.6641778458395918e-02
-4.8900752440164778e-03
2.2885396569992084e-02
1.9536185621161155e-02
2.2710035949455070e-02
-1.3719738450328567e-02
-8.6194553621160366e-03
-2.0891313207185701e-02
-6.9894267946474086e-03
1.2218361318915923e-03
4.7405401238187778e-03
1.9817378551655305e-02
-9.0015762081969188e-03
1.6471023812960062e-02
5.5107322522852985e-03
4.6459744837108064e-03
1.0655344424324640e-02
-1.2489631552141944e-02
1.8462241460350459e-03
1.6719779620633160e-02
-3.6972557695530654e-03
7.1403002636698486e-03
-9.9753683638563219e-03
1.6909888995264227e-02
8.4275970626546668e-04
-1.7616582971118545e-02
2.5186612592566750e-02
-4.3467404705656524e-03
1.8998893709915561e-03
-1.6963170380265138e-02
3.6198997517402089e-03
-1.9990930621414431e-02
4.8561708656430043e-03
8.7016030985882682e-03
1.8282048145993893e-02
1.6606398603047159e-02
-1.2289453105918769e-02
-1.8808949508421047e-02
8.2581048606794501e-03
-3.9546765740608586e-03
8.4409900657361082e-03
-8.4356054450346243e-03
-4.5841908609919003e-03
4.8752325828265559e-04
-2.5195039297964900e-03
4.1299273963693404e-03
-2.5527887871819685e-02
1.4477966101128137e-04
-1.4240131580268564e-02
1.2857408598301371e-02
3.9818551050005676e-03
-5.5354415837996981e-03
1.2267912477403000e-02
-9.1094302633825406e-04
-1.3045790663375171e-02
6.8681747766983388e-03
-1.1721775733869691e-02
1.1166372761079514e-02
-7.2265708335098591e-03
-2.7537043328982476e-03
3.5223347219031733e-03
1.1247901948373934e-02
-2.5207872446284937e-03
-2.5021174712214923e-03
-4.7208932718992751e-03
1.0825572495494401e-02
-4.7422666740122351e-03
3.2567147909493715e-04
8.4817753690812556e-03
-6.4995987708680193e-03
-1.6290667513175257e-03
8.5126271601700561e-03
7.6318948998987642e-03
-1.2614370621481656e-02
-1.6638392867159728e-02
-4.6906382874720978e-03
1.3186935773884174e-02
1.3933729861033188e-02
-1.5873010174173686e-02
3.9053170716577272e-03
-9.6610573730442541e-03
3.4726569549984954e-03
-5.3905019820509785e-03
1.5207767745950844e-04
3.8176583167990425e-03
1.3509547217482754e-02
2.1787018744421960e-02
1.6250809487768469e-02
-2.3937916807107570e-03
-1.8653809202421365e-02
1.5637561470019174e-02
5.2748309077680906e-04
-8.7574382241421330e-03
2.1676929017444849e-02
-9.7432072595098895e-03
-2.5345118815319027e-02
1.7294006951305667e-03
-4.8283813803000125e-03
-2.5217382624269152e-04
-2.6773014732910101e-03
-1.9159859901875586e-02
-4.0530150285543395e-03
4.9337326346760666e-03
3.1794629955256969e-02
2.0828647458059742e-02
-1.0736307884719201e-02
-7.5319757674697447e-03
-1.9445006066957701e-02
-3.8787617121084478e-03
-4.5261558180389461e-03
-9.5587309833438522e-03
-1.1953499693728347e-02
-1.2659913683866441e-02
-8.0499619312579974e-03
9.4862322706489345e-03
9.8064550177121932e-03
6.3047355662855468e-03
-1.9264450500201109e-02
6.9524027692958804e-03
1.1097788668553456e-02
3.6568922126964196e-03
-4.3614406777365260e-03
-7.8897009806085938e-03
-9.7981106073665430e-03
-1.0731038260308384e-02
-9.3367746791539457e-03
-6.7857406871001322e-03
7.4406959190218905e-03
-3.3742896349200644e-03
5.4845790403947242e-02
-1.6646366081125855e-02
2.2708732611611347e-02
2.9113588283365549e-03
-3.3183635484800744e-02
-1.6334776925029090e-02
-2.3710741561591496e-02
2.6924757329496753e-02
-3.2910939818727699e-03
-2.8258346740780652e-03
3.1527444303288323e-03
1.4873863936585366e-03
1.9271392908997202e-02
2.4684635693754942e-02
-4.4570654305502166e-03
2.5802067575287094e-02
-1.0478657855500607e-02
3.3629946051930482e-02
1.7111863788537442e-02
1.5216698887818505e-02
-1.5635194894473556e-02
-4.4035983725686137e-02
-1.3242480815135177e-02
-3.9365733307917183e-03
-1.0037407772517534e-02
2.9926190308292751e-02
-8.2106911924520951e-03
1.9586964361891866e-02
-2.0633810181036522e-02
-5.8514175187794840e-03
-1.4315141481192882e-02
-1.5241518037550642e-02
-2.8135613035880722e-03
-8.7346260924035107e-04
-2.2992641496212104e-02
-1.0955634599185745e-02
-4.4067053067655265e-02
2.5098179199347564e-02
1.8016661171032840e-02
3.3432755804601748e-02
-7.7962773833187924e-03
7.0923099334985725e-03
-1.8182955267374627e-02
-5.2897907588179006e-02
-1.2602545585195532e-02
2.1818256087117710e-02
8.4677216138062256e-03
-7.0256397905582482e-02
-2.9087677315907192e-02
-9.0471723490579640e-03
-2.7641038211662992e-02
-3.6772763129581942e-02
-2.6814476441411848e-02
2.1422293525908999e-02
-2.6115749137131172e-02
-3.7133577343060335e-03
9.5893470651886928e-03
-1.5245071225453629e-02
-1.7453094696413415e-02
-2.3934125800550318e-02
7.0421061275179556e-03
-7.8648969964665236e-03
3.2666481507285204e-03
6.6295970000260183e-03
-3.7773351097599196e-02
-4.8781396855868461e-03
4.1678225161395376e-02
-1.5640471788611613e-02
1.1732610263311620e-02
-2.7609134673705165e-02
2.7308610957587277e-02
4.3078334566439946e-02
-1.2304383987067822e-02
-5.2932888190161250e-03
-3.6357236805741100e-02
-5.0049202412804916e-02
4.4102657438977845e-03
2.4960257012909139e-02
1.4148288394041990e-02
1.7233396592213002e-02
-6.0024234907752536e-03
3.6709999162236823e-03
1.3202003875584713e-02
-1.0923562705017497e-02
2.5355909565737546e-02
1.4735207187993725e-02
-1.3273870670152507e-02
-1.5697573710172635e-03
-6.0536657469121499e-03
1.4709027739802667e-02
7.4458103894707870e-03
-1.1301463224262837e-02
-5.4654981096834601e-02
2.2537697626306141e-02
-2.8557729413677575e-02
-8.6035286845039232e-04
1.2436490021711360e-04
-1.2221062011096186e-02
2.3711166952554832e-02
-3.8673542263728952e-03
-1.2373111233053017e-02
6.0645343058206916e-03
1.2399231636721644e-02
1.3882098612018950e-02
2.3165425034127468e-03
1.4318816595270427e-03
4.5118036804893714e-03
4.1968942263168225e-04
3.1055072656089193e-02
1.2589226014072648e-02
-6.9647377990886099e-04
-6.7992322817541466e-03
2.0705175572515409e-03
-1.9099832884190262e-03
-2.3940536719997033e-02
-3.6496586757142915e-02
2.3947216264476497e-03
-2.6134613450008285e-02
-4.3613548804359737e-03
-7.9882647529668921e-03
-1.6568224591180621e-02
-2.7275831886394271e-02
-1.0197641624471851e-02
-3.2520263147283977e-02
1.2199808150082866e-02
-3.0560208672098813e-02
-1.6067598768211493e-02
2.5677635570550084e-02
-1.6540191712150248e-02
2.1527261250586609e-02
1.8003719449268776e-02
1.8013511724145587e-02
-1.9435830148247707e-02
1.6093531783533403e-03
2.0878591463887805e-02
2.8551294608430786e-02
3.1480702863310964e-02
-2.3419479207836810e-02
6.0443518156079673e-03
-3.6156504849821663e-02
2.1356274725586894e-02
-8.1135672114540647e-04
-1.3658514179632543e-02
1.5042245810220064e-02
1.6715510522681484e-02
-8.4901668716811027e-03
-1.8702383162702003e-03
1.8079117548350114e-02
-1.7755603323437643e-03
2.1139039592720444e-02
2.3279993991051285e-02
1.9749220363088415e-02
2.7361775198148038e-02
-5.9036230992595409e-03
1.1203700692484692e-02
-1.7365798139775745e-02
-5.3477244179524097e-02
-2.8579117735027240e-03
-6.5882556329308114e-03
-7.0091375856929025e-03
1.3906245287179663e-02
2.0560777160551571e-02
3.7972123018604857e-04
4.3460583070918154e-03
-7.1343686940038373e-03
-2.2178708221344635e-02
3.6581937498227093e-02
2.4387707184519658e-02
-2.1087453184163419e-03
-6.0438045854547939e-03
-1.7620008515884130e-02
9.6047332281993213e-03
-2.1430478588973751e-02
-1.4000432845371023e-02
-2.1908828351500081e-02
-2.1854813925568109e-02
1.8155890240924760e-02
8.4306841340311411e-03
-2.0141138836244103e-03
1.1237282004983600e-02
8.1162048440577977e-03
-1.3531334563921639e-02
-9.9968315287488480e-03
-5.0687980951774209e-03
-2.8127844213981130e-02
1.6332388602913965e-02
-1.5611489477085455e-02
-1.9933719897024159e-02
3.3642518104820968e-02
1.7814178145227573e-02
-7.6903960616419732e-03
1.6073566294394676e-02
1.7331995656916621e-02
-1.6791890558681716e-02
1.6972242204387877e-02
-3.9631074370174123e-04
-1.2511554407718561e-02
-3.9880544594439685e-03
-2.0112277070123336e-02
-3.8541164382563829e-03
1.4030867734242346e-02
-5.9038400703764468e-02
1.3368054414677718e-02
-2.0532877023490201e-02
-2.4761138408788307e-02
-7.1161413707447121e-03
-1.4314857892881774e-02
2.8964366814021696e-02
5.3657504903143602e-03
-3.1488089951501984e-04
-1.2411287885791770e-03
-8.4048625205487958e-03
2.8636464838167005e-02
1.1249282735056477e-03
1.9995041915825688e-02
4.9183252359412989e-02
-3.0565196297625947e-03
5.4628090306165111e-02
1.9786663063169341e-02
6.6043127051988067e-03
1.7334232029753888e-02
6.6168577190513309e-03
1.0795983204788515e-02
9.2663371835095430e-04
-2.6982262158479528e-02
1.9416991093521470e-03
9.8304756520636877e-03
-9.2942988445965744e-03
-6.1497708803767478e-03
-3.5970234793873818e-02
-2.6204085165475795e-02
-1.8307824172687855e-03
4.3141902242881443e-03
7.8888054333189767e-03
-1.3079981491323448e-02
-1.9428944070441788e-02
-2.9326912134564197e-02
1.9669294247554554e-02
7.4293406610463665e-03
4.2612818295373507e-02
-2.0332723180769105e-02
-1.1551671168399141e-02
-2.6593419212051651e-03
-1.8960754733785605e-02
1.2716586403563854e-02
-6.3441432615566852e-03
-1.5685673316104140e-02
-1.6804232225778183e-02
3.3534483531900278e-04
8.3246036485841550e-03
1.5759598969412401e-02
-4.6177868840578812e-03
-1.6252292916282874e-02
1.4577660709628511e-02
-1.1036240821308343e-02
-1.1473179315588243e-02
3.7263048800659712e-02
4.4887129651189845e-03
-1.5353495608936812e-02
-1.6395495195232118e-02
-1.9925269361485504e-02
-1.4818219438617126e-02
-1.3448474991726186e-02
-2.5727055982490726e-02
-2.2220805673503208e-03
7.8276436667392528e-03
1.7965747692575348e-02
-1.3665591987773684e-02
-1.0763081787422529e-02
1.5730815494576299e-02
1.8969390549984706e-02
-8.2043774727636326e-03
6.9338024059367280e-03
3.6271799341634395e-02
1.4920294774962163e-02
1.5788788017571307e-02
-4.2967850828398349e-04
1.0248950925507008e-02
3.1252327644134617e-02
6.3708109821950373e-03
1.6536929457369159e-03
-1.0576075942371739e-02
2.6079146165915697e-03
-2.3893075728834604e-02
2.3288181411738079e-02
2.6587585442061561e-02
7.2299989767371240e-03
3.6728971666516570e-02
-2.3875189260790235e-02
-1.9038296076754460e-02
2.6890611295206722e-02
3.3524825352734294e-02
-2.6822285434062114e-02
5.3756085989601354e-03
2.1537055322397160e-03
4.6499316323180950e-05
1.2493640803290127e-02
-5.4823301212152536e-03
3.2390368995242934e-03
1.2129823298530984e-03
-1.6309823952618038e-03
3.1201043586643520e-03
-1.2872851138030189e-03
3.8119620075047923e-03
4.8010537186517991e-04
-7.1564933966374641e-03
-1.1153862289548682e-02
-1.4292204374815584e-02
2.3032525797579455e-02
9.2559273316306818e-03
-1.1821733637685298e-02
-4.3550426912037764e-03
-1.5828645572674650e-02
9.9621298385089065e-03
-1.7195181493748532e-02
-1.8997522213608356e-02
5.5468473121357015e-03
1.7580247940635601e-03
-1.4386187281947351e-02
1.6683836070354762e-03
-2.0966459419039948e-02
-1.9455446842042253e-02
-1.9807835798165092e-02
8.2225787172555392e-03
8.3046965553887336e-03
-3.0917112262063727e-03
-1.1219611319065990e-02
1.7768050651411529e-02
-6.9353208371417847e-03
1.0007733630685309e-03
1.5164523617493431e-02
-8.9967043516244408e-03
-4.3932094593063121e-03
-5.6669045160985835e-03
9.1304899889702723e-03
8.0397670387513682e-03
1.2483847837606456e-02
-6.0207946470301667e-03
6.6891764311863529e-03
-1.1455503316331135e-02
7.5373968673588202e-03
-6.5431228016687142e-03
-8.8944067673255058e-03
1.0419474665919380e-02
-9.1612416915167073e-03
8.8635798265563580e-03
6.9516604902908541e-03
1.8626889349863786e-03
-1.5682413883442905e-02
4.1002939528593362e-03
1.6120548947734119e-02
5.8281852385552672e-03
-3.9470921760646292e-03
8.3111707908492087e-03
9.3469662408814224e-03
-2.2048872502704594e-02
-2.2636542324660128e-02
-6.3573690181690668e-03
6.2442907269077124e-03
-6.0984031961028090e-03
7.6256389374369619e-03
1.1341749076391860e-02
-2.2449927084993845e-03
-6.5463800746564087e-03
-2.7240338055089970e-02
-7.4991390832968323e-04
-5.7413276204380413e-04
1.8280114524001330e-03
-2.0741573956931016e-03
-4.7611376712505833e-03
-1.1805020584065344e-02
4.6929000226133746e-03
-5.5231614256988741e-03
-1.8704388586886112e-02
-1.1146431354033299e-02
-1.5829188639478103e-02
3.4742526289964588e-03
2.7415882681036522e-03
1.5967366031589734e-02
3.1823492178263491e-03
8.4955076416649514e-03
3.4759923905125899e-03
-1.6035845620317010e-02
1.3650704899563142e-02
-8.5501781612547078e-03
1.0823595919268738e-02
1.7710165752055210e-02
-8.6388486871776665e-03
1.8680007309836613e-02
-2.3273945549117533e-03
-1.4628035850218303e-02
5.9233174041383807e-03
-1.8945527420335551e-03
-2.6731460571241872e-02
-6.2015670482680257e-03
-9.4911557715344971e-03
-9.4251464385006652e-03
5.3732338577417542e-03
-1.8472544448705851e-02
1.6519339501411493e-02
5.7435444438560732e-04
-1.1725462273614677e-02
6.5919236376862124e-03
-5.1231636577612517e-04
-1.2741836185662228e-02
1.4223830770072136e-02
-8.9845486008062921e-03
-1.5853458424129954e-02
-1.1885416917255098e-03
2.2522895765282040e-02
3.0127250817802795e-02
2.4539387247935071e-02
-1.5707293198856474e-02
2.1360439758604161e-02
-1.8813927968050460e-02
1.8827955267218810e-03
-5.1015909483418604e-03
-7.7249076814070068e-03
-1.6702404519315803e-02
-1.8522428007436243e-02
-1.8169718359643001e-03
7.5873900901890787e-03
-7.4357236156024544e-03
-1.1809498481801510e-02
-2.9241566314566290e-03
2.7771982946696201e-02
1.8098044662275374e-02
5.8727522589397457e-03
3.6526389332170051e-03
2.2899684383173580e-03
-2.2590318650160734e-03
-1.5220661650993823e-02
1.9711208904442001e-02
1.1876148336943883e-03
-1.3333822929101791e-02
-8.7976916627717228e-03
-3.8351385288702536e-02
5.7225180138275027e-03
-1.0598872382152871e-02
1.2872797813500408e-03
5.7492068099989557e-03
-3.8868773130475622e-03
1.9496939600666839e-03
-1.9720787098694396e-02
-1.4962868388504530e-03
-6.5133686239702802e-03
-4.4737220166772762e-03
1.2715939227060940e-02
-1.5059613692862957e-02
-2.1056429253334893e-02
-7.2956240520096107e-03
-1.0762027083354497e-02
-9.0780497320486556e-03
2.9649954304752858e-03
1.8419751117470544e-03
-5.0125459079992957e-03
7.5339968663313550e-03
6.8717847976253509e-03
1.1169257391449075e-02
3.6976142223586299e-03
-2.4516940185129406e-02
-1.4203538070693871e-03
2.6765143441508193e-02
1.8044222216973965e-02
2.7921333451139927e-02
-1.4912032300474972e-02
-6.6189532057651006e-03
-3.0222485009294853e-04
1.5386644949087262e-02
8.4412876657187427e-03
-6.7293275619136096e-03
1.2009971687480026e-02
2.6775495914030271e-02
-2.5311549718066676e-03
1.8864331076731085e-02
-1.5608659343646056e-02
-1.2029457542612238e-02
9.0143516301886620e-03
-2.7507974925460518e-02
-1.1658097719199817e-02
-1.5646221189281058e-02
9.4546826615166633e-03
3.7750776586830035e-03
-9.4817386906241325e-03
2.5441488252409536e-02
-1.6307450069005150e-02
1.0352850816444770e-02
-1.2749375137115493e-02
-1.7567283200183206e-02
1.8578848550841815e-02
9.5330656962061520e-03
1.0041488939763206e-02
-2.8485239355658817e-02
-9.4618370156878788e-03
-1.5678433107587382e-03
-1.6406757495017719e-02
-1.0581939299969876e-02
-3.5197452530122712e-03
8.6095379035815295e-03
-1.7644663214484897e-02
8.8053554358568879e-03
2.6928636965275816e-02
1.1648332474598282e-02
1.9306276403881419e-02
9.1629582428990192e-03
9.1812922450299275e-03
1.8628159455886594e-02
8.1053068860087087e-03
-2.3146980183814669e-02
-1.5366713854981368e-02
2.3796588397474280e-02
-7.5050314330701749e-03
1.0987121647063020e-02
8.7751502705433267e-04
2.7219369128181643e-03
-6.2862991280565107e-04
-2.4582224015985293e-02
-8.8963394295701083e-03
3.1026383611407562e-03
-1.2756861670559819e-02
-9.5382414005724635e-03
-1.2539934141582752e-02
1.0148897748908972e-02
-7.2070348007381288e-03
2.2893935225725198e-03
8.8596105624698402e-03
-1.7242617547091253e-02
-3.9780175160567558e-03
1.5186981141561421e-02
1.5207234984327658e-02
7.7898370531823300e-03
-1.1918714365561927e-02
6.4224478138439310e-03
-2.9586063885866350e-03
-1.2928785759532737e-02
9.1777319323438390e-03
-7.3804739859946577e-03
-1.5461769745606468e-03
-7.7129490349134742e-03
-8.5687062077270150e-03
1.3053219350202221e-02
7.8092497274952124e-03
7.0223710135859417e-03
-3.8150080393530902e-03
-2.5607374704037573e-02
1.7286757681662913e-02
-1.2255940900199222e-02
8.8808503019191937e-03
-7.8478215562334682e-05
-3.9630994643916574e-03
-2.5017459404225697e-02
-2.0295566915324715e-03
3.2647940609173767e-03
9.2506762119071093e-03
-2.0229528812586457e-03
1.4000984879228981e-02
9.1398424869879608e-03
-1.3663735665538414e-02
1.6030341672429251e-02
-3.3103496360396105e-03
1.6311749132317129e-03
-2.4654979122774482e-02
-4.2225784283600994e-03
2.3116591075278033e-02
7.7842852946951825e-03
-3.9025369997084799e-03
-2.9181213553377962e-02
-2.4599373843307827e-02
1.2130120957467743e-02
-2.0362086471956354e-02
-1.1349785670249874e-02
3.5399457378567326e-02
1.3341411031008782e-02
1.1230953730340542e-02
6.1633392920843345e-04
-5.4794936358904872e-03
-8.5715099179766736e-03
5.2803417404183404e-03
-1.1168661738892249e-02
-6.8709105463656914e-03
-2.1421223931298856e-03
2.0145492980057293e-02
5.9062345350572318e-03
2.1936455864965482e-02
9.3415648015319069e-03
-4.7864545934995298e-02
5.3947592825902592e-03
-1.6981017654315297e-02
-6.0795813991311879e-03
-5.4765504219991554e-03
4.6932003409787737e-04
-1.9902664526589037e-02
1.7427804173347647e-02
2.2538148970289301e-02
-3.8694447995485458e-02
1.1066222692192665e-04
9.5192343723664429e-03
-1.0511438576014755e-02
3.3042846798508538e-02
4.5190414806475839e-03
-1.9318314500689538e-02
2.9913601561694370e-04
8.5132611424791286e-03
-1.2881341925135703e-02
7.6052578465119185e-03
-1.8368558125956998e-02
5.8713685582991205e-03
-1.6156672325827456e-02
2.7797601471858349e-02
-1.2107115174013694e-02
1.2338679802343849e-02
-4.1143274773162611e-02
1.2863549192592871e-02
-1.7280965374428098e-02
8.3214219947353105e-03
-9.5694656273166909e-03
7.4142590058134186e-03
6.6951980656869171e-03
1.2473912035480164e-02
1.7230475137389590e-03
9.3737516832215900e-04
2.4696838207874869e-02
8.1643706258251571e-04
-1.0429050251235177e-02
2.3091537422054487e-02
3.2829000852929439e-02
-2.5132327069922297e-02
2.5676302809936654e-03
-3.0116437763673277e-02
-1.5032716781088040e-03
-9.5343156970182155e-03
-6.5375468514861871e-03
-1.0587817121091374e-02
7.6409725838348930e-03
2.5166498864485944e-02
5.2452069476232547e-03
7.4555919941416849e-03
-7.3617961423738838e-04
2.3086736885180293e-03
-1.5856487040490606e-02
2.3251927012931523e-04
-6.1541570336507328e-03
8.0113444408946909e-04
1.1462541486041054e-02
3.2791954409629877e-02
4.0811254807512467e-03
1.0778954607865565e-02
-1.0082444248445096e-02
-9.2990165517782275e-03
2.0462003134222400e-02
-7.9565985005092509e-03
4.3982023548671659e-02
1.2522140319002430e-02
-2.8728313112905326e-02
4.6020523718349297e-03
-9.4446928028555054e-03
-2.2064092885935919e-02
-1.2802315325722131e-02
-7.0980435826319827e-03
1.0170459117152947e-04
2.1592608615519454e-02
1.4250648297953443e-02
3.7984615625393722e-02
2.3640866537177303e-02
-3.0521543812025369e-02
-2.2355875652142466e-02
3.8328008906579801e-02
2.4174124132617242e-02
-5.3029706439803930e-03
3.5329927876313644e-02
-4.4822913931274449e-03
-3.9853079820181637e-02
-4.0084125075504393e-02
1.1939611364546061e-02
-5.7219789910882418e-02
6.2907826424167873e-03
2.2263639641446800e-02
-1.1749312415465774e-02
6.9815511265892147e-03
8.0770467471493121e-03
1.7052915559715642e-03
-1.8092768642250096e-02
-9.2411196666490631e-03
3.4323464345940073e-02
-2.4716118024179862e-02
-7.3202633287472695e-03
-5.3918346967270762e-02
8.1310710691317734e-03
9.0932345600187436e-03
1.0758914807723570e-02
-1.2286617952170323e-02
-1.6342227052845531e-02
1.1461800657804964e-02
2.4230632134649210e-02
-2.7455042987562687e-02
2.0068253739136167e-02
4.6889886325795327e-02
2.5151241634248991e-03
4.1588759046053567e-02
3.0508085566935753e-03
-3.3050867553854897e-02
7.1787340383971374e-02
-6.5677991417764526e-03
3.0757975084476211e-02
3.5765547886194606e-02
-7.1518670343861963e-03
2.9734093155979427e-02
-4.0677618467753765e-02
7.7709047439940924e-03
4.0724887034478789e-03
-2.5389908429433339e-02
-1.4939450925311232e-02
-2.2762950512718844e-02
3.9952072520568326e-03
-1.9993298470075263e-02
-6.1328640467157858e-02
1.3535013090142444e-02
-5.7999305497688225e-02
-1.1010712777066634e-02
-1.2940745552029007e-03
-3.2938966639596216e-02
-1.7299727245994965e-02
-1.6908434126447654e-02
1.3983868278939007e-02
7.0446055387717713e-02
1.5914810216224408e-02
-2.0131902628433430e-02
4.5207005962937608e-03
-1.2278152607378514e-02
3.3000549017508526e-02
2.0315257188152486e-02
-1.4739514225127402e-02
-7.7898160594086184e-03
-1.9193208686494517e-02
3.4821268814730293e-02
2.4470845854217278e-02
3.8555276637664559e-02
-3.6748286540499546e-02
1.5956675905928062e-02
-6.9936168332709048e-02
1.3264557482449375e-02
-1.5993568510873274e-02
-6.9845408930457203e-04
6.3925814761502733e-02
-9.3303091375696295e-03
8.5426362159695401e-03
2.4405835036100540e-02
2.0516169886454966e-02
1.7677334075935500e-02
8.9520334684731369e-03
-2.4677915163402731e-04
3.7654266466284995e-02
2.2326563271037738e-02
-1.2603274149033693e-02
3.5442863690646170e-02
1.7918971694700577e-02
-6.8086114571034362e-02
2.5331618456656477e-03
2.7261695364202143e-02
3.6795718381219165e-02
3.8553033746494214e-02
1.8367399404608006e-02
-8.9802832564261047e-03
2.9948637452389525e-02
-2.0585513055000702e-02
2.3811271495270455e-03
-1.3601806852735140e-02
2.9846274889410090e-02
1.0112001038647846e-02
8.2619495020280834e-03
-1.6094694565359169e-02
-4.2893792069233175e-02
-4.5020943610506708e-02
-3.7270780809219195e-02
-5.0408123196917232e-02
-3.2661282608489918e-02
-1.0739457871409322e-02
-2.4931695562048883e-02
-1.8845881102972049e-02
3.6040395031866580e-03
1.6173325034104041e-02
1.2066460861868959e-02
1.2415504882528074e-02
5.8315576489302107e-02
-3.2107898349902707e-02
-1.3369515803790703e-02
-2.0858780577078441e-02
-4.4332811731760367e-02
5.0442762240913402e-02
1.0905082100801620e-02
-3.8752813347192168e-02
-6.4393376918312609e-02
5.8291443294388158e-02
2.0114386223589152e-03
2.0992120024343114e-02
-2.2757416561671132e-03
-3.0899672209399459e-02
1.5935498202532979e-02
-5.9400750796749762e-03
-1.2424539643119603e-02
1.7297189325572490e-02
2.4793194740803819e-02
-1.3025837600091383e-02
2.1236129569995325e-02
8.6438840493132090e-03
4.7504029543441783e-03
1.9399260391378747e-02
4.0689443270737801e-03
-2.0489897444344450e-02
-4.9382924171670374e-03
-8.8154660730619429e-03
-1.2055634753905446e-03
2.3583066751805921e-03
-7.2533101858570995e-03
-1.1793562810909815e-04
2.6734053561535808e-03
8.2390067558721115e-03
-1.4271643950656616e-02
-9.3924559867641436e-03
3.4108753671223740e-03
2.3935089812966771e-03
-3.6213075430000775e-02
1.2176694418478042e-02
5.0664179814204060e-03
-3.2833450601391424e-03
-2.3716330230497615e-02
-3.2772437545722843e-02
-4.3970817931834882e-03
2.6411471330839219e-02
7.3174591834809233e-03
3.5491234109153946e-02
1.7591971885490436e-02
-9.9418525107689720e-04
-6.6931279816672146e-03
-8.7788881632529410e-03
1.3700664304869405e-02
3.4973059706387304e-02
-3.7167757744031853e-02
1.8177666881354769e-02
4.8133979467619662e-03
-1.5634086015183721e-03
2.3938595506675871e-02
1.0492901271813581e-02
1.3131063248425596e-02
-1.4510046377424970e-02
2.8722948653430322e-02
-1.2054209583166837e-02
9.6158556918255825e-03
-8.4793928233794919e-03
1.7248653450680747e-03
-7.9452363088540583e-03
-3.3476353434147427e-02
1.1588050040442950e-02
-7.2399777916295769e-03
-6.6268951576480281e-03
9.8192122221744272e-03
2.2236996514378278e-02
-9.0791911562800877e-04
1.2478122295563358e-03
-2.4274008181046618e-02
1.1711343713393444e-02
-8.3148423350344162e-03
-7.5853350841464853e-04
-2.0085530351875276e-02
2.3877482979147872e-02
-1.0605970495101169e-03
-3.4058319864589473e-02
-1.7617892109112313e-02
-2.0060434753868929e-03
-4.9373907555961598e-02
8.3950683844476910e-03
4.3026581499210438e-02
1.3297954217258351e-02
7.5483243269565826e-04
4.4994722680016842e-02
-3.6582492771950852e-03
5.5960059501638669e-04
-1.1703228349182145e-03
6.5363767077511077e-03
5.7263828861270167e-03
8.2327797263870399e-03
-5.7951009459471341e-03
-3.1403658720578653e-02
-1.6823482788367879e-02
-4.2792858078881134e-02
1.0549085529228126e-02
7.4997929922558312e-04
-1.2951168899102647e-02
-1.6739241677268230e-02
7.2988030232778393e-03
2.1279335851486284e-02
8.0509020753784348e-03
2.1988560018973882e-02
3.1363824027533904e-02
-3.4519571227078038e-03
2.3154261812505503e-02
-1.6169580112384060e-03
2.4437810504450520e-02
3.0712660882062821e-02
-8.0099424600961651e-03
-9.0721036775035964e-03
4.0523592085712684e-02
-1.1765126702951713e-02
1.3626794450617888e-02
2.9446102016480354e-02
8.7895048815229537e-03
1.7300189926415188e-02
-3.1107536339849331e-03
-1.5598947008629316e-02
-5.2898047240497632e-03
-3.4694842325187464e-02
-6.3035251735617049e-03
-1.3430146365126256e-03
2.4994647212363032e-03
-8.4860843710645398e-03
-2.7957148182866178e-02
1.1975886670542741e-02
-3.1113695324997928e-02
1.0131980949613094e-02
1.8538870632135246e-02
1.4991199773092840e-02
-4.2579463121201234e-03
-5.2282104421555921e-03
1.3720410972193672e-03
3.5053633262323705e-02
-3.2127789675283042e-02
-7.3503202832348692e-03
1.2777222054044845e-02
-8.4523441503729169e-04
1.6926694001606183e-02
2.9611833010244996e-03
3.0576584061850445e-02
-1.8928744908854898e-02
-1.1654051387756895e-02
2.2179643104072826e-02
2.2251442651718280e-02
5.3939619842036116e-02
-2.1204725087825355e-02
1.6872446479256689e-02
-3.0179026451169023e-02
-4.5342763252976060e-03
1.1925483166382235e-02
5.2295349762634565e-03
2.9848155106170966e-02
6.1035056671118158e-03
-9.6190423902466488e-03
1.4285046592659391e-02
-1.0294240320691168e-02
2.7189998158571434e-02
-4.4024530679507576e-03
-1.5362667066957606e-03
-9.6217866798562618e-04
3.3540913127464989e-02
-2.8635214292564326e-02
-9.3036670273294615e-03
2.6975675783475497e-02
-2.2918336139838829e-02
7.9743007688388764e-03
1.2758175611409170e-03
-5.6951087749534772e-03
2.7650651796759570e-02
3.7721575474808353e-02
-3.9970840949344767e-03
-1.0189980194213591e-02
-2.6157255707256848e-03
8.4941836953056696e-04
9.4033387891446982e-03
2.8646669205662934e-02
7.8628789997623981e-03
-1.6534289595071736e-02
6.2431551616633427e-03
-2.8377684490881506e-02
-4.4992607543551874e-02
-2.3623227088350858e-02
-9.7970075942575927e-03
4.8688909874761536e-03
1.5255096559372660e-02
-1.7978420038029526e-02
-1.5517492362844078e-02
1.4294708577734246e-02
-4.1166797760100581e-03
-1.8553401451136067e-02
-3.9745861177295028e-03
-1.3041837172630653e-02
-6.1958417309515908e-02
4.0819271295569018e-02
-3.9271183951754413e-02
-1.4183344624393827e-02
1.7151501355425491e-02
3.0776960344939680e-02
-1.2335353336265772e-02
-2.3635911260622464e-02
2.9999107412760857e-02
2.3920122499336588e-02
-2.3422889146535657e-02
-1.9731851531813033e-03
-4.4977828114968511e-03
-1.1544455285376325e-03
3.8177296548894839e-02
-8.9437152115888832e-03
-2.7764320903621166e-02
2.6145472618449357e-02
9.6262426104410503e-03
3.9893102423095798e-03
2.2037226815361320e-02
-4.4927252767679952e-03
2.1350032514921298e-02
-1.7087431339068374e-03
1.3957212123010642e-02
-2.1358008489148636e-02
2.3735122359852225e-02
-3.8399860404884925e-02
1.2701664088937144e-02
-1.5445932504843305e-02
4.8247703261333555e-03
-2.2890277081618282e-02
-8.9556109865890163e-03
-1.2871997035902201e-02
1.4517099767180370e-02
7.3048087394863236e-04
6.9344383745238904e-03
2.2605321992774947e-02
1.0615566198622675e-02
-1.4413230164154774e-02
1.5879480317443198e-02
5.7056169318595376e-04
-2.4431246194072522e-02
7.0841793323808396e-04
-6.9865441778313017e-03
1.4405912114508378e-02
-5.7564942275182699e-03
5.8449668111723975e-03
-1.5410044057762546e-02
6.0518547133606177e-03
2.6447513527546165e-02
1.1595235614498012e-02
3.3546997369464385e-02
-5.4765734683564077e-03
-5.0807859778502617e-03
-2.4519387729956689e-02
1.5080664767215817e-02
1.7491572889603143e-03
7.3953010216261965e-03
1.8904057342309565e-02
1.8512165888084433e-02
-5.8670138721470593e-03
-4.8662989822902403e-03
1.4976703396837144e-02
1.6359684873834893e-03
1.9871559277024532e-02
5.6522139179286772e-03
4.3110444248659507e-02
2.8390449688660571e-02
-3.1650124128023718e-02
-7.3073778954221846e-04
-1.2490321892248699e-02
-1.7491185201359550e-02
-7.3056559398854259e-03
8.0346530172204535e-03
1.5894689565925865e-04
1.9029116103399486e-02
1.0169069549575901e-02
1.9108695945118225e-02
2.0400118573368858e-02
-1.3760373477813455e-02
-2.2809695144416223e-02
2.3746690267995928e-02
2.4368049496630087e-02
-2.5877313714618888e-03
2.1336408743907433e-02
-2.2499130908192735e-02
-2.1874807402707027e-02
-3.1309108232822305e-02
1.8726706787736622e-02
-3.0089227066890156e-02
1.7193698451781838e-02
2.9795199359198263e-02
-7.2708827513134257e-03
-7.1392563062020334e-03
5.9915420243564395e-03
-2.1918010540353059e-03
-1.1921140356458113e-02
-1.1547760375543932e-02
3.0704688132648272e-02
-3.7319215998659575e-02
-5.0117869886999429e-03
-4.0532246127724963e-02
1.1789459611433149e-03
1.5803964308237384e-02
1.4115142882945856e-02
-7.3233309341439986e-03
-7.3818975599679610e-03
3.2431310911546954e-02
-2.2629177932306996e-02
5.3998790678013763e-03
-8.7905389606896985e-03
1.6460358153567854e-02
-5.7124034878740203e-03
-3.9945395679870363e-02
2.3904275884660743e-02
-7.2473711293952192e-03
-1.7498071226904135e-02
-6.2272273994421609e-03
-1.5004438202914505e-02
-1.6898631918051760e-02
2.6965812304944464e-03
-1.6250721507468997e-02
-1.6989946806445652e-02
-2.0706118153135653e-02
9.8169136821914440e-03
1.2798360902131626e-02
3.7704794779395159e-02
-1.6426142127164176e-02
8.7293580251197600e-03
1.5753919958794806e-02
2.3083528809888829e-02
-1.2338308743642562e-02
8.9125319573106071e-03
-8.5764676379694038e-03
-2.2229745959681628e-02
-8.6549868564741138e-04
4.4118808829529607e-02
1.2143905228113570e-02
2.0888534134497996e-02
-1.4173311959693683e-02
4.3592331419965054e-02
3.6006463841012415e-02
-2.9938362206803237e-02
1.0995655719118407e-02
-1.0522729728475826e-02
-1.9082661649002033e-02
-2.5554401330846122e-02
3.3904264764673606e-02
9.2041106652119425e-03
-3.4301228696070510e-02
-3.4191956431800292e-02
-5.6672263461832087e-02
2.9784098664499041e-02
-1.8472259661321336e-02
2.4876041021315787e-02
-6.4839663484220038e-03
-7.2866115745934389e-03
1.8393284256956278e-02
-1.2923720749938274e-02
1.0243378006887698e-03
-9.7806646073277190e-03
1.0148373363619732e-02
-3.0689161021512854e-04
2.8199193773457299e-03
-1.9262176129861443e-02
-1.6227873542059009e-02
-7.5599052985224190e-03
-4.2500636486809823e-02
5.5899449007640999e-03
1.1833057072106709e-02
1.1318810193536923e-02
2.1329408190294143e-02
1.9252751547527503e-03
1.0221492005894062e-02
3.0881311062707126e-02
-2.8268080210406044e-02
-3.0979688779616741e-02
1.1143260844834921e-02
2.2276647242655271e-02
1.7474746649614015e-02
1.3956592140210691e-02
-2.8393267282848932e-02
-1.2528597326134792e-02
1.3835107545235670e-02
2.0945767433557257e-02
7.9956213633130754e-03
-3.3784313784331055e-03
4.2392177120059132e-02
-2.8491105753109341e-03
1.4009737293667467e-02
7.8752040991699242e-03
-3.1935899941659372e-02
-8.3637206456226403e-03
-2.1576847993465521e-02
-2.1617784123304146e-02
-2.3554189507439260e-02
2.5586999143787637e-02
3.3751684294066997e-02
6.9782971114336172e-03
6.6626748007296649e-02
-5.1500003996758588e-02
2.2476081960804958e-02
7.5492443925174709e-03
-2.2096212026997120e-02
-2.5162348591518661e-02
-4.3133072476224926e-03
-1.1867999640256349e-02
-2.1415005106736051e-02
1.3758219846390141e-02
9.2476912673016779e-03
-7.0031741365005019e-03
-2.1528039070526125e-02
1.6240233875672579e-02
3.2607855788308535e-03
-1.6272622094037335e-03
-1.7588824664047015e-02
3.0930495492005265e-02
-9.5048760961215419e-03
1.8015788125317470e-02
2.1409487201425770e-02
2.5900409829587953e-02
2.0489745233978590e-02
-1.1124485074404111e-04
-1.6135421492864004e-02
4.9162639470086934e-03
-1.1497992296702307e-02
-2.7869751868423763e-03
-5.9067516711875084e-03
-2.7282321051299199e-02
-1.7149660440134995e-03
-2.1512427202987877e-02
1.1622217229489411e-02
-4.9423140458980656e-02
-7.7183190167006378e-03
-1.1913784919702372e-02
-2.0757858671679860e-03
-1.3765001326552980e-02
1.1071822523035749e-02
-7.2652182526487287e-03
1.5748025302303445e-02
-1.8801377582338116e-02
-1.8137235523602122e-02
7.7785286238355649e-04
9.1954718231097281e-03
2.0518157658570933e-02
1.8122333880113285e-02
9.5825770124882761e-03
5.3072918569548756e-03
-4.3126528176695893e-03
-4.0982987458583631e-03
5.4401492515610507e-03
3.0568400904590672e-02
-2.2927823553692155e-02
-1.5996061961148287e-03
-1.6564952123282586e-02
3.7308566240923484e-03
1.5418768720577019e-02
9.9205359466758673e-03
1.9834918030681999e-02
-1.0672126797761507e-02
7.8576588323181380e-03
-4.7398785860670953e-03
2.3691359989189417e-02
2.0298935262551211e-02
-2.3813107550748561e-04
-3.0052193832959956e-03
-9.0259156761467486e-03
1.6807663997060351e-02
-1.9788384389406395e-02
9.8821360400915721e-03
8.5569379886428903e-03
1.2001372436887474e-02
8.2421305921225145e-03
3.5666210674542217e-03
-1.7803021329686558e-02
1.0550990100245327e-02
5.7380021017367075e-03
1.1829104193892610e-02
-6.0780591848016265e-03
2.5318123743634298e-02
-1.2121129869125448e-02
-3.5303089144207170e-02
-1.0763138110389432e-03
2.9315101764530683e-03
-3.0376582379725424e-02
1.9967011623769401e-03
2.4290356420519792e-02
-9.9161641915875495e-03
-1.4447280880831369e-02
2.4512130437867371e-02
7.3998846489121764e-03
2.7705538634902921e-03
-8.1003894280230991e-03
-1.2404798833248173e-02
5.6210416570293478e-03
-7.6761711746541755e-04
-9.0259011012469269e-03
-2.6896365306887451e-02
-1.6156213289251313e-02
-3.5374420764046746e-02
-3.9979281015632652e-04
-1.1213913805645539e-02
-2.0181001870693601e-02
-9.4330899876032461e-03
1.2891285640659092e-02
2.1446029284741455e-03
3.0562456780295795e-03
1.5419809614803414e-02
1.0231035632401825e-02
-1.7083821826575973e-02
1.4386922633037546e-02
-5.8305458770216449e-03
1.2242986551940928e-02
1.1789634515886759e-02
1.5461253976103378e-02
3.0217149569513626e-02
-1.6724419672841405e-02
5.7508699213332098e-03
-2.4023080000065512e-02
-1.9461676685181062e-02
-1.1147099616262885e-02
-2.3281399651780416e-02
2.2803418289627522e-02
-2.3357040838065560e-02
-9.3389564399474351e-03
-1.5408089000206914e-02
1.0078674352186548e-02
1.4571646378582132e-02
2.0451256395970892e-02
1.4750034178747489e-02
3.7616086973472976e-02
4.0745686782579296e-03
3.3853383786750776e-02
3.3722997850678990e-02
3.1346444108935584e-02
3.0406668651630244e-02
1.7406158351348504e-02
3.4701904538812778e-04
-1.5368088504243240e-03
5.7954454013947505e-03
4.2238642541250829e-02
1.1654885822440116e-02
7.4629998522696035e-03
-2.1432792251202905e-02
-1.2687332753001126e-02
-4.7637408495581915e-02
-3.7987523394881866e-04
9.2214559307267005e-04
-3.1569010461554880e-03
-2.8795782319708856e-02
-2.9913465021414745e-02
-4.0597745674813675e-02
4.2072493541199914e-02
1.5924697835400153e-02
2.3524155940661227e-02
-3.1106913867891908e-02
1.3120837309018691e-02
8.8251554744639051e-03
-3.8750308343912784e-02
2.7342659040818135e-02
-6.9922212765973074e-03
3.3152250931574687e-02
-9.2504992798218555e-02
1.6114588164745994e-03
-1.5403481130949796e-02
-4.4666236250015610e-02
-2.6787069119605766e-02
-1.8239142298613648e-02
-1.8782187292790062e-02
-2.6325501801385438e-02
3.4998401134016713e-02
1.1278088255761057e-02
-3.2478517131096863e-03
-2.1275114185853330e-02
-1.4273572072147016e-02
5.9552779983728654e-03
9.5992567978477519e-03
3.6299952520705697e-02
1.9297008758566624e-02
-2.6876896343762481e-02
5.3135699850015696e-03
5.2605665849441430e-02
2.5305075310260987e-02
2.2140931607217983e-02
-1.4069291645488284e-02
5.1073839430530572e-02
-1.1951293091030084e-02
-2.8953704089456741e-02
-2.5346411696188117e-02
-4.2544031844430785e-02
-2.2854954159185155e-02
1.5394097157499691e-02
6.0524513471676084e-03
-1.3662555853318738e-02
2.2084021946713085e-02
-4.1252662912623202e-02
-7.9922255233020219e-03
3.1057305951870735e-02
-2.8323342433963526e-02
7.0788265478414665e-03
3.2192947310505197e-02
-6.4768687990971324e-02
1.0051418577345268e-02
-1.4532630109923537e-02
3.4775261696741888e-02
-8.5791813939300673e-04
-3.0673151064869862e-02
-4.6774370228016615e-02
-8.8255032833227387e-03
-2.0843162944766563e-03
1.4988074150344866e-02
-1.1364067204640046e-02
2.7747279094528520e-02
-1.3795697765724955e-02
1.4958679030156848e-02
-1.6011207181996747e-02
-4.3934277377825681e-02
1.4961121786481377e-02
-9.8739771786642214e-03
-2.1442066947905215e-02
3.7395175721684562e-03
-6.6949156863621191e-03
2.4927570778539451e-02
-2.5353744067354465e-03
1.4211339791046789e-02
-7.6644462147988385e-03
8.2744488193866941e-03
3.6678017673008198e-02
4.1802073552117715e-03
1.9894259501830297e-02
5.7317849671732979e-02
1.4642502003826552e-02
2.6599686671229160e-02
3.5710171649217963e-02
1.8189917661036344e-02
1.4970243589204995e-02
9.8990936098588295e-03
7.3359285606247569e-03
-1.0097387694716979e-02
6.1960103400362752e-03
3.9804261432333156e-02
3.0341743351061178e-02
-2.3218828056747989e-02
-2.6748881990808059e-02
-2.4380383869974293e-02
-6.4299421574577131e-02
-1.9690795532882749e-02
1.6991178996960364e-04
8.0289893712300608e-03
-2.1743941589948121e-02
-4.5704007855981006e-02
-6.0862896727357126e-02
4.1975205144318253e-02
9.5587354585677416e-03
2.8662139167187312e-02
-5.3512463411593950e-02
-1.1735799292203261e-02
-2.5567393325963621e-03
-2.9106058786078470e-02
1.1253201018026557e-02
-1.6920033084631941e-02
7.0811803528916121e-03
-6.5340264201804804e-02
2.2184208810654853e-02
-7.9707867724788870e-03
-1.7361920204743343e-02
-2.9243986192491408e-02
-1.3115973166079408e-02
-1.0700655651381173e-02
1.8767101527492024e-03
1.9704244252056163e-02
4.4754330409040352e-02
7.7370986257055260e-03
-1.4609354258718146e-02
2.0833223188820704e-02
-1.8790349640549646e-02
-7.5563833353921948e-03
-3.7049449697819665e-03
1.4660662487781471e-02
2.7843806280664373e-03
-1.1367117268336280e-02
5.2743533717702462e-02
9.3681252044786108e-03
6.8736556619784679e-03
1.9263149077673840e-02
4.1143418970399033e-02
-3.3519941129195152e-02
-3.6057095666498194e-02
6.9068887572856265e-03
-2.6901333896206012e-02
-1.3381198744430493e-02
-1.1041308472494047e-02
1.9946034294253387e-02
-1.6041107106898940e-02
1.0316060227591258e-02
-1.5001639100569042e-02
-4.1325342921524318e-03
3.3839490348334320e-02
-3.7457085065400367e-02
3.9435793452470773e-02
4.2868803209041698e-02
-5.5702675907296453e-02
1.4366710661822615e-02
-2.1846055679765108e-02
2.6804709660235893e-02
1.1222834336454261e-02
6.1944732827086731e-03
-5.2585378025584294e-02
-7.9913408941393038e-03
2.5875673260295093e-02
8.5824026601067933e-04
2.5740568027938799e-03
1.0661006062873481e-02
-1.9720835995568280e-02
4.5460274029206682e-04
-2.6699100228364192e-02
-6.2844575094858990e-03
-2.2347343951544293e-02
6.7602003281098371e-03
5.6427618755472003e-03
1.3985134952447766e-02
1.5872479590447203e-02
-2.1339846952684515e-03
7.7847896235514781e-04
7.6868644088468304e-03
-1.5234505396226339e-02
-2.7058083998203692e-03
-3.0927145657672923e-03
-2.6999878356618358e-02
1.2732190716621305e-02
9.3056380496478498e-03
1.5198633028150051e-02
-2.5160745698884601e-02
2.5640781805240016e-03
-1.3105183498784853e-02
-5.4800792972044127e-03
-8.9624109060621442e-03
1.9718074304970667e-03
1.2962244816228088e-02
-1.0766427854593646e-02
-2.1993999800678409e-02
1.7834183778482324e-02
-2.9776091074094825e-02
1.0230412373370145e-02
-1.0818631066757572e-02
8.0389833955328820e-04
-2.1453282669693149e-03
4.6649258156180456e-03
-3.1595916715689660e-03
2.1549816402097383e-03
-6.7409489759742399e-03
9.8637233823056173e-03
-1.0906761250851637e-02
-3.3141916499756642e-03
1.1510557597538773e-02
-1.5016924556271580e-02
-8.8567454366742637e-03
-6.4536046969709566e-03
7.9643032871610647e-03
-2.1346349201085819e-02
-1.1588919054921133e-02
-1.6297443965457837e-02
2.9818468648007277e-02
2.1692087552934506e-02
-1.2941147194912019e-03
1.8442533825235585e-02
-7.2704907961587519e-03
3.3516502908669103e-03
1.0743220745233069e-02
1.6187964014107079e-02
3.6150097856466811e-03
1.4743870944146449e-02
1.3145210817898762e-02
7.0421610334574529e-04
1.9138229751854575e-02
-1.5757596967994031e-02
-1.4074855715480359e-03
-3.5361394276775870e-02
-1.9402274322587808e-02
2.0723646923493648e-02
3.2921656450893748e-03
-3.1726859430805048e-02
-1.6792440378978157e-02
-2.5063357427570602e-02
4.7454995365234596e-03
-1.4852715820079417e-03
-2.3500212123000904e-02
-3.3415067415673867e-03
1.4120339866172723e-02
3.2055765764382314e-02
2.7026638882584702e-02
-2.5521404862576421e-02
-5.6832933611321657e-03
7.3251927659990571e-03
-9.9690795993051910e-03
2.6204513336146460e-02
-7.2324634149366898e-03
-7.4109199933218234e-03
-5.1689297934788790e-03
1.6000751333558456e-02
-9.2514603722310530e-04
3.6784826791420075e-02
1.4022161343512538e-02
-6.8313656072917193e-03
-2.4028472847258231e-02
5.4804709159457458e-03
9.7696444800219762e-03
3.3302540090158319e-03
6.2199863363372465e-03
-1.2965093990878793e-02
-8.5834862416071557e-03
-1.9918821535702066e-02
-1.3433491174580302e-02
8.6615499422510490e-03
1.4278721082053095e-03
3.6226902635951748e-02
-1.2256956097487573e-02
-2.0026996701540999e-03
-1.3505318155423808e-02
-1.9785564935406869e-02
-5.2327995073262129e-03
-1.2299275172364873e-02
4.3649783724025604e-03
-7.8623846640433481e-03
-7.2489745913207051e-03
5.5540444150832041e-03
-1.1976252448854197e-02
-8.1497412505610392e-03
5.6604160541904452e-03
-6.0996029682950656e-03
4.1532882330470883e-03
-4.0180281299026857e-04
1.6047385105459916e-02
-1.6536481541540120e-04
2.1346449624848893e-03
3.8514973209014727e-03
-1.3330276436743907e-02
-3.7662470265897806e-03
-3.0121120388230775e-03
-9.7397092610774921e-03
5.8859591667485131e-03
-1.8304823234208015e-02
2.0215099107298892e-02
-7.4004258420406208e-03
-9.7320310970172852e-03
1.7687187284560830e-02
1.0285331427118754e-02
-1.1698617654076898e-03
-9.5503126877574361e-03
-1.3157939558023479e-03
3.5427404682870280e-03
-5.1311509384312694e-03
-1.4668283043891683e-03
1.0940472275723910e-02
1.8070147964004954e-02
7.4725184593133617e-03
1.2248771859855762e-02
-1.9248657819873722e-03
-1.9257635815882326e-02
8.6925748776899500e-03
1.5506441163301254e-02
9.1195242579121868e-03
-2.4804627894362233e-02
-2.5105988952890863e-02
-5.0731024296325096e-03
-1.3511531356548617e-02
-1.0998640023341761e-02
-1.1569991231005636e-02
-4.9546336387739590e-03
-2.2849325578882196e-02
-8.3221092400720727e-03
3.2887993303227971e-04
-7.8533338050646058e-03
-1.1335848369922378e-02
-3.7694950357855694e-02
1.3194522381571070e-02
5.3002709623696754e-03
3.5860142813396591e-02
-5.6302922794052154e-03
-1.2700427145278538e-02
-2.9956583502676526e-03
1.6491910397845862e-02
5.3977175859731222e-04
1.3970545012669665e-03
-2.1637167189544473e-02
1.3406891964441872e-02
2.4073498825686088e-02
7.5132585018099565e-04
-7.6471401176729150e-03
-7.7569871108896611e-03
-1.8227646829672275e-02
2.1208048314432130e-02
-2.8244250512030741e-03
1.1056411825045083e-02
2.1106567887454391e-02
-1.5827847774471025e-02
-1.3728749389357739e-02
-9.0028946249863344e-03
-1.7223277750586876e-02
-2.1601097347004352e-02
5.0431704394188117e-03
-2.3977139679612347e-03
3.9696966845248188e-03
-1.3316106405814328e-02
1.2288849075065007e-02
1.8571375597305224e-02
1.6242503127389127e-03
-2.2181833642837670e-02
-1.4383211172218666e-02
1.8588684355542139e-02
-7.5157959684293597e-03
-1.7732609222725570e-02
1.0700056224758572e-02
-7.7018380633159522e-03
-1.2696888337169353e-02
-3.9019362793616353e-03
2.0236556504820043e-04
-1.1083973109998926e-03
5.1431050113132856e-03
1.0204272651871904e-02
3.1077969343031288e-02
5.2403759475461494e-03
-5.7174637893711603e-03
-3.9784492521634561e-03
5.4052586280951302e-03
2.3459248824381782e-03
-1.3030909814697860e-02
-1.3024018194533879e-02
3.2315482533581364e-03
-1.4391506606018395e-02
-1.3179392415543631e-02
3.4605640783635829e-04
-1.4367448039187736e-02
-1.0412339359387799e-02
-1.5990004622707634e-02
8.5161621900401545e-03
-1.2627800735954525e-02
-8.7131367288187135e-03
-4.6438044006727412e-03
-3.0406688908270608e-03
-1.7975485054916421e-02
-4.8185351602443643e-03
1.4218554156226165e-02
1.5709128078739809e-02
1.0646879030720966e-03
1.2732560681183181e-02
2.3465354288377724e-03
1.1386119394335974e-02
-1.2308197323187813e-02
4.0636841189391829e-03
1.1847037810349988e-02
1.8230159096458906e-02
-1.8880909081025406e-02
4.1704163411649623e-03
-4.6499696934584611e-03
1.2676180542210685e-02
-2.5840691405737137e-03
1.1281475113418583e-03
7.7536334551049167e-03
-1.2976287857484279e-02
-1.3997999629531419e-03
-2.1523022752448061e-02
3.4031890387113059e-02
1.1094949282637510e-03
-1.1994798035141993e-02
1.5545124948698549e-02
3.6980545231984690e-04
1.0300752245194809e-02
7.5910430699723339e-03
-3.8867647391479703e-03
-1.1293735313472280e-02
1.6779348264432427e-02
1.2289136808477959e-02
1.0620193154653314e-02
-3.3863640609945747e-02
-1.1680015769741058e-02
2.1647206417079106e-02
2.5705568694679871e-03
-2.3671870251458987e-02
1.6304397922267715e-02
-9.8894678203445500e-03
-4.0559850546990038e-02
-1.2715356905219631e-02
-8.4327123344868377e-03
-9.6585463194799881e-03
-1.6061444793652794e-02
3.7240374045177265e-03
8.6617897826675233e-04
1.0482401495530888e-02
3.9102957190253008e-02
1.6355916811976536e-02
-3.7657595961697521e-03
2.8432454191983777e-03
8.4969328605052612e-03
-2.6160078939737315e-03
8.8402521111935039e-03
-1.0048816917259349e-02
-3.6796708569462912e-02
-7.1085999741244184e-03
-2.2022140085736094e-02
1.0714725524236248e-02
3.4021327983033145e-02
-3.2268433242364997e-03
-1.9637685523173160e-02
2.4498254571625154e-03
1.1760602150901155e-02
1.9121535285449749e-02
-1.6283438222167413e-03
-1.0221533724483233e-02
7.2013943671781350e-03
-1.1305071081744894e-02
1.4808981788198901e-02
2.1473677457513711e-03
-7.1124369149077864e-03
3.7133325144476457e-03
1.1847577907472333e-02
2.2229707884523147e-02
-9.9701916860954944e-03
2.6170760851227007e-02
1.8065271455301518e-04
8.7703087213360630e-03
6.1176741575294982e-03
-1.1922166892366602e-02
-1.9263471192213465e-02
1.9949992201700541e-02
-1.2100608738256375e-02
2.1622942986482253e-02
-1.7252863013893532e-02
-2.9360171256509362e-04
-9.4382574114040586e-03
-1.2332955062889088e-02
-9.7729419901536677e-05
-3.5281286478187256e-02
-1.5907545700711980e-02
-1.2532978061718138e-02
-3.7954259461758524e-02
-3.4943592206461864e-02
-1.0261492944561598e-02
1.5773471464403600e-02
2.1411680285984645e-02
7.2519232893494181e-03
1.1729562121160100e-02
-4.1327246236612216e-03
-6.5725000330768679e-03
7.5689698136007563e-03
2.0381262338175381e-02
-1.9352629716348706e-02
1.0940005338509737e-02
-1.2707497421566367e-02
1.2924860753737142e-03
3.7085662707859964e-03
-1.5841024937988144e-02
-9.3737505674460417e-03
-8.5206415683006746e-03
-4.2143917223318485e-03
2.0565056394150861e-03
-6.8536054660630679e-03
-1.5293049249136673e-02
1.5577475337582953e-03
-4.5264944036053016e-02
1.7820827784531038e-02
3.1696849014209733e-03
9.3537143694007365e-03
1.0675896120906298e-02
-1.8478817202701309e-02
-6.6378695422487730e-03
-1.7083731744490852e-02
-1.1618403365921830e-02
2.0961278582983439e-02
1.4369923906262161e-02
1.3595252054260692e-02
-2.8287436946095122e-03
1.3408740506496877e-03
9.9553029213288423e-03
1.9877555593247512e-02
2.1748852476648887e-03
-1.3503100774643324e-02
-2.6123973129594288e-02
3.3207338795879105e-03
1.2837862302603819e-02
1.0483780366864273e-02
-3.4220360936228551e-02
-2.8615492208837651e-02
1.1911394055411766e-02
-8.2644461125267309e-03
2.8147507282354350e-03
1.7920290433728118e-02
4.9938914568499106e-03
-1.7271095001453848e-02
6.7562970165028038e-04
-2.3327766599145466e-02
-3.0726946507299988e-02
-1.0953527114903333e-02
-5.2346537635083864e-03
-1.3263032123549822e-03
1.4574620294013310e-02
1.7807464802473385e-02
1.9552048357111204e-02
5.4142928647525558e-04
2.6709519361273377e-02
-2.9850052493365507e-02
3.4727695657944403e-02
-2.1520587951735667e-02
2.2064249205780845e-03
-1.0300549055168770e-02
-7.5391624538166521e-03
-2.5712513464580731e-02
-9.8281650466929930e-03
-2.8037881446575152e-02
1.2374734725610124e-02
2.9679834436736243e-03
9.2651476607473766e-03
-8.3805043325568471e-04
-2.7379382009267372e-02
1.2138099065250488e-02
2.9375727793963472e-02
-4.0125411593099174e-02
-1.5434960001306328e-02
-2.5726458693929241e-02
-2.5872786918045603e-02
-1.6916285031345887e-02
-1.6508876638716998e-02
-1.2729681854382195e-02
-2.1923215055879727e-02
6.0194998691864817e-03
-2.1044247542989850e-04
2.5975129611660455e-02
-3.7514939548461482e-03
1.2137933529942370e-02
1.5611152172009771e-02
4.1235925119589935e-02
2.5421171843539843e-03
4.4028326612541420e-02
-1.9655652880475770e-03
5.7683806587808389e-03
7.6716403290825585e-03
2.4352500444170880e-02
-4.4978303983901043e-03
2.9440908836732869e-02
-1.0184229204457416e-02
2.9446598570857411e-02
3.2096159642473088e-02
-1.8458617011886048e-02
-8.9242304036710619e-03
-3.9716615945737645e-02
-7.4479425568157922e-03
-1.4077897775648364e-02
1.4229855469450131e-02
2.5723710949213212e-03
-1.9427780327927677e-03
-2.0424928024165911e-02
-5.3611289569960141e-02
2.7010534187040500e-02
-1.2267481585996051e-02
4.1645182408649201e-02
-2.3218032900045753e-02
-1.2553046216640062e-02
-3.8682456874097847e-03
-2.1244235200569565e-02
-9.5702293471454092e-03
6.6011771626834585e-03
1.1018429057046031e-02
-2.8231704334773372e-02
-5.3556843489301620e-03
-2.3316558455324387e-02
-1.8333704489392692e-02
-1.9760704538867850e-02
-3.4174488265569555e-02
1.6071466728524830e-02
-1.1024960251026790e-02
1.2017229772742642e-02
3.6300261492825600e-02
3.6057470467761579e-03
-3.9309472998296756e-03
1.6904313705082014e-02
-2.1924334680812674e-02
-1.8901772970924099e-02
-4.2742945948535983e-03
-8.1100462266421904e-03
1.0054915501232168e-02
2.6641923340239005e-02
-4.5841489472596142e-03
-2.4630853413314870e-02
1.3994231434398467e-03
3.4674051386843222e-02
2.2671001561409318e-02
-2.4889811942233782e-02
2.9383448526530249e-02
1.4670558026867765e-02
4.2932275992066107e-03
1.0942440982048190e-02
-2.2533977445628819e-02
-1.3342709463672525e-02
3.1110437532218607e-03
-7.2417227324247258e-03
-5.5425186418267443e-03
8.7315537761774396e-03
2.9927609195033088e-02
-1.2332198032907903e-02
4.5922044470542413e-02
-1.2505849128705391e-02
2.1699869095090786e-02
2.4767683067635084e-02
-3.0080192782000564e-02
-1.5757600610349434e-02
1.5846673335469349e-02
-6.9790959893094497e-03
-3.1533108345072329e-02
-4.2387598899788943e-03
-1.5895490139281973e-02
-5.7930991453633857e-03
-5.2887902640974573e-03
-5.2652201704262488e-03
1.5639051857698906e-02
-1.0334686872934698e-02
2.1814117201728149e-02
1.1147032750973590e-02
-3.0211688455557017e-03
5.6194326040607083e-03
-1.0866332261529367e-03
6.6672767578904147e-04
1.5805888913550128e-02
-1.0740365145040714e-02
-1.8308725105412191e-02
-1.6467045243499989e-03
1.2852044755023386e-02
-4.7897967902914736e-03
6.9540624558611078e-04
3.3312572501951669e-03
-8.4812860863994928e-03
-1.0033298049748096e-02
-5.0973608299021683e-03
-7.2959437153362764e-03
1.1142790989035776e-04
-8.4697174281613396e-03
-3.5828236465205317e-03
-1.3737035075321350e-02
-7.4080877472015652e-03
-3.0996494934304995e-03
1.4200123357163153e-02
-7.1617771404603836e-04
-7.3096935405859735e-03
8.2496613561922304e-03
-2.5574276687927947e-03
1.2661889643739506e-03
2.1946311274253606e-02
4.8598300910073014e-03
3.9415056081822824e-04
-3.2397806520626468e-03
1.9567416399570981e-02
2.3062124270215107e-02
-1.9336858835653122e-03
-1.0412003162716982e-02
-6.9749797969842217e-03
-5.9719420408874601e-03
1.1752224062478077e-02
1.2544042227441432e-03
-5.6860233172019324e-03
-3.8133784709307346e-03
-1.3923808658781374e-02
1.1342534527207826e-02
-1.8518635917696637e-03
1.5309675037684625e-03
-3.6848417813727342e-03
-1.1059474265555235e-02
-1.7812407247626717e-02
-2.7219598738271642e-03
8.9847240720576389e-03
1.2538640373476956e-03
-1.3213110609197132e-02
1.2739831450223215e-02
-1.1971333564721610e-02
-4.8669725038075345e-03
4.2806441104641102e-03
-4.2552790269497574e-03
4.6965539968399049e-03
1.5938598502893077e-03
2.1014548925749627e-03
8.6208042575000379e-03
1.1813355528547148e-02
-4.9318918033468603e-03
8.0755524506744870e-04
-9.9495429602825952e-03
4.9437869001641927e-03
2.7411985014902445e-03
-5.0224127613327221e-03
2.1806440135671078e-03
-3.0035347613559136e-03
1.0000430567171944e-02
-7.2986212635028662e-03
-2.8067736030112761e-03
-4.9351024763705483e-03
-9.2485024755088255e-03
-1.1577283500000982e-02
5.1539384079812324e-03
-2.1398724241846229e-03
-3.1454574643934711e-03
9.5829910523989106e-03
3.1880271121892184e-03
-8.1512972639092018e-03
-2.6586039525158398e-02
4.9751883607731615e-03
-8.6476199592626403e-03
-4.4952728643786015e-03
1.2086006658704934e-02
9.6968368500474356e-03
-2.1005320879174151e-02
6.8188208813062985e-03
-4.5669738472519390e-03
-9.3049285178547127e-03
8.1326018304547151e-03
7.6168463993358491e-03
5.3181275068709918e-04
1.4249546912678664e-02
-2.0263703307197736e-03
-1.1729630562639306e-02
9.2561495194352786e-04
1.7032064286103800e-02
-5.7476885847867467e-04
-3.1314624218942680e-03
-5.4416689888325126e-03
8.5630951722938595e-03
8.8583985849946360e-03
2.0830914390893630e-03
-8.6886277449038929e-03
5.1759164299808671e-04
-1.5072156654410215e-02
1.7075835337837911e-02
9.8989250805930282e-03
8.7146634126974605e-03
-1.5946357426235974e-03
-1.1939394941508872e-02
9.8628868720800084e-03
2.4790134230979921e-02
2.8781175052095135e-03
1.0010927010939584e-02
1.6953221559663785e-02
3.8417675195270922e-03
2.7409666123636490e-03
7.6398483243855456e-03
1.7037155983403988e-02
7.9576384849293930e-03
-9.4759762803174209e-03
-9.8029621739270378e-03
-6.3523126812372955e-03
-2.7270719361189143e-02
-1.0709225448846458e-02
-2.4154172778224001e-03
4.1626325643804160e-03
5.8044852896872020e-03
-7.0531671408920176e-03
-1.3588787812085256e-02
1.3959319224522837e-02
7.0584727573722696e-03
3.4769668124100032e-03
-3.0306860732556232e-03
-2.0069893667518251e-02
1.1892794800296134e-03
1.1133702502697733e-02
1.5845770968878403e-02
-1.5613468278326152e-02
-1.0451285404038477e-03
-4.7666225076486071e-03
9.0915488929496861e-03
3.3083464434044184e-03
1.0165399413421559e-02
2.3391105015391583e-02
-2.7298048972416770e-03
-6.2466997038987491e-04
5.1731055280228484e-05
-2.2971420513586125e-03
7.1717569198104475e-04
1.3036713307329764e-02
1.3298106767449375e-02
1.5156098918289795e-02
-8.0185277030486572e-04
-9.2954232625722371e-04
-1.2435358720146138e-02
1.2083764335669418e-02
-1.4275314677954504e-02
-1.4558898500592970e-03
1.9344985573828237e-02
1.2538943951121128e-02
3.5285361043287901e-03
3.3839140471620496e-02
1.4363075824749395e-03
-4.1426692723316512e-02
-2.4514004105150432e-02
2.1083982814111814e-02
-2.4995389075633496e-02
3.0796324764741250e-03
3.0341179685330192e-03
-7.2930641822811035e-03
-4.5399570670656367e-03
9.3486995450978421e-04
-4.4348637022857294e-03
1.9029356545124470e-03
1.9468137294634560e-02
2.0304660139247886e-02
1.2284445711460782e-02
6.2761497177752429e-03
-1.8092773893974630e-02
6.7915431898148901e-03
7.7159758040968073e-03
-5.1825912279811052e-04
4.2503100229136139e-03
-1.1027053638276496e-02
1.1203781978555705e-02
-7.8158352504244938e-03
-3.6054049088079317e-03
-9.0066182301410183e-04
-6.3273515259987491e-03
1.8896684814899818e-02
-4.6132043067922219e-04
8.9089563939837389e-03
-1.5236002987659383e-02
-4.4397467017831593e-02
-1.4286635898797650e-02
-2.0387112679936710e-02
-3.1834017267349767e-03
-5.1833402790846875e-03
4.9592736886206251e-03
-2.5182597838110884e-02
8.2206121218435704e-03
1.4820392462814287e-03
1.5191172698773611e-02
-2.8751392035411560e-02
6.0184058096717074e-03
-4.7829564714782511e-03
2.4110009400777618e-02
2.7544208328947675e-02
9.9932745540481233e-03
2.0247350268842501e-02
1.3844262376230305e-02
-1.2477245381788618e-02
1.3246776958674274e-02
2.9447799942716704e-02
-6.8360007650653219e-03
1.2391006946440696e-02
8.5136416866807025e-04
2.7853064499567651e-02
-9.1829454200971646e-04
-2.0179455759908670e-02
-1.7379969812146030e-02
-4.2138267546808328e-02
-2.3067449505424220e-02
-7.4657559089283173e-03
1.1888892001562084e-02
-1.9655038697185328e-03
2.2873968024741398e-02
-2.0022447096187529e-02
-7.5498977198513121e-03
1.6722979613925885e-03
8.9809562323010586e-03
2.3680539369212921e-02
-2.2493384442594133e-02
-1.5751127350495771e-02
4.1523109278353886e-03
5.3713022514399111e-03
1.4444539289310906e-02
-1.7909035406506416e-02
-6.1583305037192651e-03
-1.1936888074571340e-02
5.8068423125553614e-04
2.9053374406813582e-03
6.1137971940745401e-03
2.5629397529893155e-02
-5.0158645915382863e-03
-1.3125282996366033e-02
-2.2439153260343262e-03
-1.8649790171783063e-02
1.8431941251333545e-02
1.0758789279883196e-02
-1.1647387109100361e-03
-7.1678698558974444e-03
-1.8779145220753496e-02
2.3833761953718054e-02
2.9922593039308810e-02
-9.5406915934229571e-03
-5.6783272636646408e-03
-2.2476290069870886e-02
1.2255800434648174e-02
9.6074938491040995e-03
-2.3149570036859357e-02
5.5944011472518297e-02
-2.0070139984286767e-03
-6.8084309421121467e-02
-2.5069857941136170e-02
4.0075090864958134e-02
-6.5311729545967901e-04
2.9888164721544215e-02
-2.7019248658294633e-03
-9.5684687952926530e-03
1.2310806730354992e-02
5.9233835415370322e-03
4.7726747148362078e-03
-3.0570387757749035e-02
-1.8033000411865802e-02
5.6438798032569367e-03
-9.7555952826900647e-03
2.2276976075740251e-02
-1.1300244888000814e-02
4.2339301165411444e-02
-3.4336697524789433e-02
-2.5301062797721810e-05
1.9801164978074558e-02
4.9510071808406943e-03
-2.2938279917485739e-02
-1.1666256358775280e-02
3.0881222573186779e-02
8.1685584058581711e-03
-1.7422412177251982e-02
2.0392048612929741e-02
-3.7596754932555466e-02
2.0312757854589547e-03
-5.5233109631300008e-02
-3.7709199140341931e-02
5.4427150595156596e-03
-3.6692732793782937e-03
2.4911552319172980e-03
1.7276337726200148e-02
-4.0755512969462898e-03
1.2059708404092142e-02
3.3056084995865473e-02
1.5464407615612621e-02
2.5966641065846927e-03
1.2096338446551809e-02
1.5401415928912171e-02
-1.1649492451998420e-02
2.2417095244484687e-03
2.9231608466838581e-02
1.1721967457189179e-02
9.8966378668185889e-03
-3.5672250267932007e-03
-2.0906844188719165e-03
1.2110250343473784e-02
1.2260329920609934e-02
9.8662780998252791e-03
-1.5571794010394054e-02
-3.1180116082681911e-02
-2.1499932301610160e-02
1.4787432593005698e-02
-2.2165820643841302e-02
1.7766779059348040e-02
-6.4949751733128572e-03
-2.9817469060749550e-02
-6.0584024360158645e-04
-4.3216855829168611e-03
1.7601467049052574e-02
-2.1060791306206403e-02
-2.4311067242868727e-02
1.2149596094369018e-04
8.9749816468434433e-03
1.6382609261386054e-03
1.0194870582654792e-02
-2.2748545901075192e-02
-5.2448643182191222e-03
5.2402076734587022e-03
-2.4580702368956660e-04
1.0041665025050356e-02
-2.4403591754562349e-02
-2.0313502280749293e-02
2.2514429557096295e-02
7.1593387680082355e-03
1.3542330031735690e-02
3.1218922449323661e-02
-1.3073756050057957e-02
6.1358518414005728e-03
-8.0078598811302850e-04
2.0759634305597678e-02
-2.3043020822435020e-02
3.5360323716517927e-02
8.9836539299448168e-03
-1.1997114358729783e-03
1.0624269606438745e-02
-3.4858699357963666e-02
-3.9930728269813205e-03
-1.7771133976615901e-02
-1.3889336855894711e-02
2.1099912824268208e-02
-1.4891047032908715e-02
2.9587072277771514e-03
5.2132344702932130e-03
-2.0900040155994729e-02
1.7044480328516631e-04
-9.8108739559423976e-03
-1.3824360749322383e-03
1.4440162193945040e-02
1.3986508298340498e-02
4.1332679030161586e-02
1.9772598771176188e-02
-7.2713770183371745e-03
3.2445541160526732e-02
-3.3526872971905699e-04
-2.0320538829132786e-02
1.1387268583873952e-02
5.4412013624322074e-04
-2.3545363926618667e-02
-2.6173366755676549e-02
1.5698941867790563e-02
4.0497768948481068e-02
5.2901669834777717e-04
1.4243830441772028e-02
-7.9435963218267500e-03
-3.4934419876612895e-03
3.6530246486417314e-03
6.5492409437635291e-02
-1.2326320436351327e-02
-6.6436901822415628e-03
-9.2269987680180868e-03
-5.9916620216912070e-03
-2.0687482847420360e-03
-9.9839187803517394e-03
3.2234332197062258e-03
-5.1867469244278423e-03
2.6543679946235816e-02
4.6731131446565294e-04
7.7139363453548430e-03
-5.0777144289031210e-03
-9.8096865860695850e-03
-1.6243066363963207e-02
5.3608201190605796e-04
3.8839253241708068e-03
-1.1403767177465753e-02
-1.6528112100889295e-02
9.7467458865680735e-03
-1.1454551719542082e-02
1.2783210186350162e-02
7.2830685508954458e-03
1.4338436150160238e-02
1.1414667058347594e-02
-9.2604365032448437e-03
2.6172734706108303e-02
1.5352766996758584e-02
6.5564060433028772e-04
8.6212937416598329e-03
2.8036344746744434e-04
6.3264716112200886e-03
6.9754203164847130e-03
-5.0161298329827108e-03
2.4356476446667032e-02
-1.4596234135730595e-02
-1.5432541967490415e-03
5.2065713830091575e-03
-6.3459975770791136e-03
-2.6192380891055188e-03
-5.6439251046259409e-03
1.1598751316921794e-02
6.8552942312207661e-03
-1.0772960000377647e-02
-5.4754683017610804e-03
-1.5960935012051970e-02
8.4029720647697797e-03
6.7049489334742845e-03
1.4957114548782482e-02
3.2934982538131369e-04
3.1265555572959737e-03
8.8663062632403505e-03
-1.0279025952269621e-02
6.7780251957410172e-03
1.0676162664331280e-02
-1.1730503937323747e-03
-2.7591735776878231e-02
-1.4677537285529601e-02
3.1831582104143341e-03
-1.9798920195906837e-02
-3.3294304246953661e-03
-1.4124594454778925e-02
9.3867206997227861e-04
-1.3324680251200576e-02
3.7200431250339187e-03
3.3065338972228563e-03
-9.0271561319953848e-03
-2.5915240215866860e-03
-9.9925894724143711e-03
2.7746787449332679e-03
-1.2755171281222163e-02
8.9022917208574498e-03
1.0874928779082259e-02
-1.6673734934840687e-02
-2.7166317605751074e-03
4.5731724294368181e-03
-8.8101143843808717e-03
2.8303468619002539e-03
-2.0501612699969389e-04
9.3756496939126632e-03
6.9596146024649705e-03
-8.6436571269529229e-04
1.4724449128393486e-02
-8.6272318650259996e-03
-2.4995764622219997e-03
7.2358674163097811e-04
1.9177795647727976e-03
6.8130295963931319e-03
5.2758545536105480e-03
-1.1612708302140753e-02
1.6576644848187421e-03
4.7859525531589470e-03
2.0846243098747774e-02
7.8409155416326922e-03
-1.9387770404587546e-02
-9.0148061155817041e-03
5.8411838430930370e-03
-9.0825918943262529e-03
-2.5466259361028626e-03
7.9205077730361562e-03
-1.8140210633769475e-02
9.1622982269293912e-04
3.0820528040822498e-02
-3.4318369215003537e-02
4.0275908529918865e-03
4.1943325337508476e-02
-2.0452414238532196e-02
4.4836363279966603e-02
-2.3053403860181752e-03
8.2588036413464572e-03
4.5061451137373844e-02
1.0801924369604480e-02
2.9417019005973925e-02
1.0526604672287207e-02
-1.0432504787122012e-02
1.2667371147834575e-04
-1.3634928213839936e-02
2.2328455939208625e-02
9.2461689491571877e-03
-1.9454857052798150e-02
-2.3000786407160273e-02
-1.7317832521430536e-02
7.7854306392047198e-03
-3.0882267441509285e-02
-6.2747056416750352e-02
2.6033853922948899e-03
-4.1865337628053778e-02
-9.3417702682245200e-03
2.0185637924998059e-03
-4.9663041146587594e-02
-4.0921649743373208e-02
-2.6923906570839148e-02
3.8465211414239952e-03
4.7654051516997441e-02
-5.9205209747454877e-03
-1.5173821642501084e-02
3.5286251433153767e-02
-3.5778677341150644e-02
2.7767011992094061e-02
2.7179865530853102e-02
-5.0916204864965625e-03
-1.7714877089221748e-02
-1.4699671548020696e-02
3.8102997899574151e-02
3.6517128816727640e-02
3.0907808540393926e-02
-2.9067274149250623e-02
1.0533895080486907e-02
-4.6032200808437944e-02
2.9763193626760977e-02
-1.1466449083344512e-02
-2.7977449671669145e-02
2.1696384763255416e-02
-1.2903183710833096e-02
1.2091907461629662e-02
1.7423999748709174e-02
6.6875285979524184e-03
9.1774695194802788e-04
6.9119435508311578e-03
1.6019789519853035e-02
3.5120721550433526e-02
1.4783116635306008e-02
9.0803488418247560e-03
1.1666778048513118e-02
-9.1096321101003849e-03
-7.1897591846510372e-02
-6.8268809825694689e-03
2.4464967121299724e-03
1.2618585659773394e-02
4.6814410107468354e-02
2.4409006763760531e-02
-1.7314636153171754e-02
3.8351861997869725e-03
-4.1519122778044919e-02
1.4589995768257754e-03
1.9704872966215682e-02
1.3451572795054521e-02
1.2263375367300579e-02
4.4453054778065054e-03
-1.4062866728549374e-02
-8.7110487005125220e-03
-4.9335208072786262e-02
-3.2724356070197948e-02
-6.3879151456266617e-02
-4.1475227715303958e-02
7.1745012518795734e-03
-1.6644815685290595e-02
1.0300933355588742e-02
1.7988756168680318e-02
2.5322319200980319e-02
-2.5102635463420493e-03
1.0594345698486671e-02
3.8533601709082876e-02
-2.2413204170202889e-02
-2.1201055497063661e-03
3.0735134584803508e-04
-3.2665369509140778e-02
5.3193746890376994e-02
1.2081504299456692e-03
-3.4223531988002411e-02
-4.1907019731606210e-02
1.9709077648553577e-02
8.8347201208667479e-03
3.2246485918452715e-02
5.4633696332791522e-03
-1.2530199244670491e-03
2.2471472763040325e-02
2.5286770318203363e-03
8.4337349945958571e-03
-4.6678393728579771e-05
1.8994762868995915e-02
-3.9398505379104477e-02
7.0549722544541501e-03
1.1026025343389614e-02
4.3330631266412633e-03
7.7230655946336803e-03
1.3138945095964014e-03
-2.4363259837517002e-02
-2.0710087107117586e-03
-4.6085587271352452e-02
1.0370088275140799e-02
-1.9324666344979861e-02
-1.6004742309409535e-02
1.4602934711318759e-02
3.7057058205686184e-03
1.4617367974458121e-02
-3.0594219201420719e-02
1.6688286826439186e-03
4.0765686051059229e-03
-3.0763855207143354e-03
-2.2891002766799302e-02
-8.4184806364597450e-03
3.3925510503926386e-02
-3.9493969345514657e-03
-1.7513902502015188e-02
-2.7696390156620974e-03
-1.5653694206188465e-02
9.5015308390909593e-03
-8.1795623289382547e-03
-2.8212344897939612e-03
2.9133856093117353e-03
4.5181999248173760e-03
-2.2028700717447287e-02
-1.8622086168347367e-02
-1.0905460368604404e-02
2.7689587147795187e-02
-8.9319613950259828e-03
1.8992409202696882e-02
1.7292320716457137e-02
-1.9229230168349848e-02
1.0233978312918770e-02
3.5905865215717738e-03
8.9436187813055033e-03
-2.3729678028891900e-02
-4.1820735539025208e-03
1.6522651182524349e-02
-1.4510583485616239e-02
1.7948120709895807e-02
-8.5275674995719166e-03
-3.9073925507788331e-03
-2.0356967996720009e-02
-9.1963817229854077e-03
7.5064722566617337e-03
4.8768846943808928e-03
2.0851069576079191e-02
-1.3956353673516336e-03
1.6933076775574228e-02
5.2151951884611535e-03
-8.1573000240930948e-03
2.3564388081611168e-03
1.5234401413190005e-02
-8.8152829580082533e-03
-2.0936506126856033e-02
-1.1253585720481100e-02
1.7833172699955796e-02
-3.8909594105934898e-02
2.0990877349448501e-03
-1.0426636209892617e-02
-4.3149972796058908e-02
2.3130590778996530e-02
-5.4982423162039150e-03
-1.1868915130345315e-02
-2.8916773826115034e-02
2.0911814797378945e-02
2.1505699178287450e-04
-1.2212341524054428e-02
-1.4276983021469826e-02
6.4417417880828932e-03
7.7209562901300148e-03
5.1678794745213504e-03
-6.6104266498780333e-03
-1.0843076957540205e-02
-1.1634155618882910e-02
-1.2685918053101052e-02
2.2202042572531527e-02
1.8710696984954429e-02
1.0516243865816165e-02
-5.4393026712202955e-03
-1.5006674625679561e-02
-4.0913392690204243e-03
-2.3954496510013822e-02
-9.3236004012719424e-03
1.5215990457486991e-02
-1.1231448493785988e-02
4.7613985221704978e-03
1.3050646799918761e-03
4.7587580310306139e-03
1.4968701300433079e-02
4.6224969879641795e-03
-4.0117544352833913e-02
1.1726335135947192e-02
7.1706196070596938e-03
9.6059139520794871e-03
1.3328286691184117e-02
-3.4601625874059322e-03
8.6976494546841896e-03
-5.1758009541032924e-03
3.2106499230895452e-02
-2.6823985743187149e-03
8.1517682035938330e-03
-1.8243125802403594e-02
5.6566553306152886e-03
-2.0981415292354783e-03
-5.3434998761288117e-04
-1.7448148053255241e-02
-3.0699316537775309e-03
-1.7793395165372691e-02
6.1584448199823571e-03
-7.8932717558113010e-03
1.5005376713490264e-03
1.2790703308484872e-02
4.9656033100878294e-03
-9.6135535183049705e-03
-6.2176384990876229e-04
-4.8423351123400155e-03
-1.4648331952009083e-02
-5.8356077112751261e-03
3.1217484099744027e-03
1.1990203538350647e-02
-1.4269475271678210e-02
3.8499106668339745e-03
-8.0007836811680829e-03
6.5437466258406671e-03
2.7798712920456443e-03
3.6461211644605671e-03
3.3990843762276568e-02
-1.7113750570703006e-02
1.4342166176132999e-02
-1.8156733031969026e-02
7.6130167941290744e-03
-2.4491179151101329e-03
9.4590781339633969e-03
2.2802022605938232e-02
2.9153606243126590e-02
-2.2755322331322294e-02
-6.4971699905893290e-03
2.4013089959306136e-02
-3.2106912942240131e-03
2.3554800298945428e-02
2.7197114199681537e-02
3.4162161481382985e-02
1.8939428327950765e-02
-1.8105831182857857e-02
1.5362310506928403e-02
-2.0583469450461547e-02
-2.8546666820898119e-02
5.3536453262349104e-03
9.7112718690102115e-03
7.6719417492109171e-03
2.4356866484960904e-03
1.5643109843402635e-02
9.6811110440678753e-03
9.9834124640005815e-03
-1.2731090169180129e-02
-2.4090476204753620e-02
1.6193164978522225e-02
3.2931286167506978e-02
-7.0668480956222121e-03
1.0097097523373635e-02
-1.9626881368819876e-02
-2.2970729685214838e-02
-1.9769930377656252e-02
7.3729640837452010e-03
-3.8488393299077302e-03
5.0734450411623081e-03
1.4204657156556135e-02
2.6393737051890222e-03
-3.7116816789256749e-03
-4.0313522846118395e-03
4.6224062833141524e-03
-1.1318096681313625e-02
-2.0281530604039949e-02
2.5700853283066507e-02
-2.2514594840441750e-02
1.6479688674132104e-02
-2.4442657579925600e-02
2.5054368504321411e-03
1.9367479748108100e-02
2.2860097336886757e-03
-9.3682756521586349e-03
1.0868634414341058e-02
2.4864584805786256e-02
2.1392476937485694e-03
3.2592034375193125e-02
1.7471979320965912e-02
-1.6664769576883343e-02
4.7312028671253829e-02
3.0957863696561005e-03
-8.8524543431427773e-03
-6.0798210901462535e-02
2.9428103989376866e-02
-3.7653920169964709e-02
1.1618777575788325e-02
4.6291917938164583e-02
3.1671003232038218e-02
5.1638471387811594e-02
-1.2143914260504965e-02
-1.6259747140530609e-02
-3.0714243420333158e-03
-1.8986849194397339e-02
-2.4166036089216789e-02
4.1569290140539171e-03
-3.9870973585236835e-02
2.0267450859395582e-02
-1.1086447664439340e-02
2.7141057844832880e-02
-5.8090497372899980e-02
1.5890120208672875e-02
-9.4826971201444812e-03
3.1293714544820869e-02
2.2941661860911799e-02
9.5993190076480231e-03
1.5231510203047079e-02
1.4023585939382081e-02
-4.1617291957175118e-02
1.1506618559445731e-02
-3.7703784276572339e-02
2.2629689266270070e-02
-5.6552660034869945e-03
-8.3451600765614177e-03
1.8074865541606568e-02
2.9986515980338618e-03
-6.7927210028908246e-03
2.6986753751551525e-02
1.1945605649529602e-03
5.6862498977169940e-02
-2.8031809105809803e-02
-5.3161457769588596e-03
-1.0937863496873708e-02
-2.0910337856469671e-02
-4.8349068172087633e-03
1.5088482994469710e-02
4.2411183836981593e-02
-1.5022825842613698e-02
-3.1334754911003730e-02
-2.4829330855741776e-02
5.0266653946416689e-02
5.3815363340288566e-02
-7.6462948134969812e-03
2.1958805931080183e-02
9.1442423805191148e-03
4.1701197456193842e-02
-2.7337687741052739e-02
1.0637270928942897e-02
1.9772468021708362e-02
2.6446130982710904e-02
3.6494812000913916e-02
1.6671924293344229e-02
1.6769616804828837e-02
-1.2863303501702962e-02
2.9097797620899504e-02
-2.5645192449887191e-02
-2.5024752469866098e-02
4.7442924204312537e-02
-1.1759747433051269e-02
-4.9881013373393152e-02
5.3253436024662312e-03
-2.6686306572497601e-02
1.9403940003660275e-02
-1.1003287330244516e-02
-7.3321861221984849e-02
-3.6750268353969551e-02
3.0449666626656754e-02
5.5344969261363522e-02
7.5499830430402606e-02
-1.3476390110262795e-02
-2.3650218239951504e-02
-1.8486979415631169e-02
-9.5071490913355289e-03
1.8454093090353410e-02
-3.0487184816417892e-02
-2.7393702321402341e-02
-2.5275995983673714e-03
-4.0733203908470579e-02
2.0940598264902334e-02
4.5073595767855350e-03
1.7329440109212481e-02
-1.6978775265646954e-02
2.7839900914660961e-03
8.8057877155769664e-03
1.5061079310423053e-05
3.8251819478180772e-02
-1.9290822905728561e-02
1.4445688014468829e-02
-8.8736042002872072e-03
-3.0207265898863495e-02
1.1495401233857987e-02
-3.0782837351185227e-02
9.4353650892384875e-03
8.7086884466189909e-03
-6.5177004808820271e-02
1.2946198507162072e-02
-2.2129098375427172e-02
-3.3387977491322801e-02
5.4466391414259019e-03
-2.4651788789179743e-02
2.5046506500754608e-02
2.8470580949519243e-03
7.3208337502525429e-03
1.4810948190133200e-02
1.0589702263733698e-02
2.0748876476029656e-02
1.4370884810237700e-02
1.8508266862251363e-02
5.2887250500196860e-02
-8.1989507699030649e-03
4.3972750980788615e-02
1.7373073300924850e-02
-6.8621088949164001e-03
1.9838211905176175e-02
1.2898295289498329e-02
6.4009572844324607e-03
-9.1199826056383802e-03
-4.2582222158092771e-02
1.6830200891319244e-02
1.4368010491983749e-02
-9.8767948326229926e-03
-7.4838698756861952e-04
-3.2398358985435832e-02
-4.3884506608848739e-02
-5.1759792102046486e-03
1.6911496623335891e-02
8.3028556794341023e-03
-3.7364936639943773e-02
-3.9548241186914357e-02
-4.3759752599154572e-02
3.2549538084831520e-02
1.0434632706117893e-02
5.2609765708486876e-02
-2.1343145022462932e-02
1.0539441178230181e-03
9.4191930432067136e-03
-3.8151697062584949e-02
2.0347415937578359e-02
-2.1508072794062701e-02
-1.0762798472258472e-02
-3.7129150856324532e-02
-9.5747016152693057e-03
-2.3292012061841274e-03
4.0340565186183369e-03
-2.0899432186585888e-02
-2.9572946654496984e-02
5.9554666603654095e-03
-1.3636309624619501e-02
-2.0932416395613190e-02
4.2349240126323323e-02
9.1418519656343115e-03
-1.1891831728763787e-02
-2.6606472733184585e-02
-3.7000455564647976e-02
-3.3498691520191630e-03
2.1772962709560792e-02
-1.0503562879232166e-02
-1.2435350395292759e-03
-1.5268552260399849e-02
2.4338377005769428e-02
1.4646111668317058e-05
-5.0358068644814381e-03
2.2660259643112260e-03
1.8335172249008734e-02
1.1061156495835604e-02
1.3064187876516562e-02
2.3057969739294137e-02
2.4608350389471789e-02
2.0277577324323004e-03
1.3192817032408456e-03
2.6892065107971312e-02
8.7572988076337829e-03
3.2313613359412942e-03
-2.1744709640513629e-02
-1.1114147415893356e-02
-5.1613533969782719e-03
-3.8292959296636501e-02
3.1097979904938195e-02
3.4073578076958003e-02
-3.0467292816258170e-03
3.3338660565158745e-02
-3.8927408152893549e-02
1.4423122341163221e-03
2.8372402435916055e-02
4.1859270002507457e-02
-5.9929790069652267e-02
-7.6317246809085859e-03
6.1240747201257934e-03
-1.9153402413344570e-02
-5.4530472809061984e-03
-1.7225599334341798e-02
-9.7959475520463316e-03
-1.5126480877112845e-03
6.3982664842037643e-02
-7.6922650655390466e-03
-7.0196521867681872e-03
-3.1416905783152923e-03
-2.6471753675371260e-02
-8.8422393712474148e-03
-1.3926927492957496e-02
1.2289235473215806e-02
-3.8548587830946758e-02
-6.5440719633202997e-03
-1.6253649196324473e-03
1.9789930170557052e-02
-6.6430902930372992e-03
8.9734903796095493e-03
9.0331592449538357e-03
2.1630822084682668e-02
-1.3950443237172176e-02
2.1290266705825452e-02
-1.1339761864155974e-04
-1.5237762363918411e-03
-1.3900596244132229e-02
-2.1782222426828028e-02
2.9948109645727633e-03
1.2776385739960882e-02
-1.0913652077820475e-02
1.4295643153006979e-02
-1.5071634497556370e-03
3.5036938208650292e-03
-3.2018938414743207e-03
-1.2726621361035461e-02
2.2577568284809113e-02
-2.5252168958678108e-03
1.3588439370238341e-02
-9.9762296267871149e-03
-1.8394173913382557e-02
-5.1310397665565079e-03
-3.5038367365485289e-02
1.4649717629886493e-02
-5.0005691082620190e-03
3.1977856557104022e-02
2.9477856506856664e-03
1.4588907844965764e-02
-2.5939068134860715e-03
-2.7989603247928305e-02
-2.3774808693620666e-02
3.1806716641608085e-02
1.0069362106263729e-02
-3.3269464063842458e-02
-1.2935254837324545e-02
-1.6114385542172857e-02
-3.3927544914254704e-02
-3.1980310266103769e-02
-3.2339568006429086e-02
1.8985220369659599e-02
-1.9066242609465017e-02
1.3794235748914498e-02
1.7888242051469154e-02
-1.5372100563394766e-02
-1.0675378404985267e-02
-2.3918670335432834e-02
3.5752407902966549e-03
-3.0579519766347089e-02
6.9218604261519464e-03
-2.0350262562386181e-03
-3.1170450963396786e-03
2.5709027208198801e-02
-1.6679935983757527e-02
-3.5609052957618993e-02
1.4324416690918671e-02
-2.8296445018499268e-02
2.7666072831357868e-02
5.3053132292004312e-02
3.2706649705098352e-02
-9.0326315234154700e-03
8.7863968970032904e-04
-2.1433546990411896e-02
-5.1968512091955200e-03
-7.7790094406274980e-03
1.3280593504189270e-02
1.2462747103793343e-02
-1.3644946200424715e-02
1.1964258163470626e-02
1.9870033098167927e-02
-2.0350460829557319e-02
2.4280392756112140e-02
-3.1858387141131234e-02
2.6085646305258565e-02
-1.9079876675576774e-03
-1.9326140747813629e-02
-1.0831220038958349e-02
1.5597669185952245e-02
-1.9214490551566876e-02
-2.4016175049476174e-02
1.9353201191886216e-02
-2.9268389859566923e-02
1.0405495730005217e-02
8.9172198641041967e-03
-1.1880665037763589e-03
3.4440692007313978e-02
-8.1610894561854885e-03
1.1557536710140752e-02
4.1452506828553670e-02
-5.5491934768533199e-03
6.4548487835608907e-03
1.5747715829845112e-02
-1.8888207731347199e-02
2.2020782701440630e-02
-2.3885157299158428e-02
-2.1869765378840521e-02
-2.3097467085502699e-02
1.9777860541637729e-03
-1.0144546799089374e-02
-5.2861528563475767e-04
1.6315388019296190e-02
-1.6454375609866335e-04
-2.4009828152532723e-02
-9.3947933611768994e-03
-5.2862863941694656e-03
9.2891150242699564e-03
3.1186207466435386e-03
5.8791401532386550e-03
8.3367789579591838e-03
1.2176807850818091e-03
6.1722750230572398e-03
3.0945328681246435e-02
8.2134964119431209e-03
-2.4232390677814134e-02
1.8133133557032555e-03
3.4362207640368887e-03
1.4569123181641410e-02
1.9156906019925528e-02
1.8429973213742651e-02
-7.9999683514591427e-03
-3.8602377100468190e-03
2.3672367245819732e-02
2.1992601471660145e-02
2.7302794509348048e-02
-1.5766969519246568e-02
1.3992879382595845e-02
-2.5344518477488365e-02
1.1258346895112823e-02
9.9078147217933517e-03
1.5396218272370121e-02
2.9901201494433424e-02
1.2441110384894972e-02
8.3883676518193874e-03
1.7811663550129975e-02
-1.5550914759769829e-02
-1.9554408200854571e-03
3.6427559964801485e-03
-2.7487853408581550e-02
1.1872629663466527e-02
1.3670685523507035e-02
-2.5588698173314186e-02
-1.2855007956970237e-02
2.2031842209540457e-02
-3.5717877470517127e-02
-1.0966265206081511e-02
9.0939051451685484e-03
4.6042165298764998e-03
3.1225133712930363e-02
7.5161892530811215e-03
1.7369138420087589e-02
2.3276831704107877e-02
-1.1864469969917494e-02
7.2144611891276130e-04
1.2722455569901746e-02
1.9455191951806221e-02
1.0087715254582854e-02
3.3785514429033356e-03
-4.6022550899643151e-03
-1.9184443367152942e-02
-1.4693966196388700e-02
-4.4500167506868211e-03
-3.0867504718660857e-02
-8.3032708288827417e-03
1.1167974098915595e-02
-2.1613695713255457e-02
-2.0751026242722681e-02
5.6574816868026970e-03
-1.4246073300777783e-02
-6.4491315183424916e-04
1.3168670309444566e-02
2.8144604712805471e-02
-4.1675645712753014e-02
-1.4991917644864836e-02
-4.0365636673722352e-02
-1.6399570633833072e-02
1.7271703315124110e-02
2.0275879350344417e-02
-4.8984943401989105e-03
-4.8456706322769112e-02
4.9440531853606522e-02
-7.4069707748265767e-04
-2.9251032139458052e-02
3.8075426121198042e-03
1.4617551517108480e-02
-1.4060378471577767e-02
1.1028323309417630e-02
2.9441766914335057e-03
1.6852642906926580e-02
-9.5220850813369264e-03
1.3559927291477664e-02
-8.7128440845963620e-03
-8.3428293486194332e-03
-2.0661713975199981e-02
-6.4316046320548395e-03
-9.9659361417195249e-03
9.2089553683185887e-03
-3.6248251508890438e-03
1.6049440986840250e-02
-1.2051813355816950e-02
7.7280181896623524e-03
1.2101881394189377e-02
-7.5019916716144788e-04
7.3791500421059881e-03
1.1696361574067371e-03
2.6797608864302318e-02
1.4243473130278624e-03
8.2944557399538873e-03
-4.6651882557641310e-03
6.8952137719338578e-03
-1.6646350143317435e-03
-5.3616109141300886e-03
1.7019905361881811e-02
3.4815998657570756e-02
-7.8274112791643161e-03
8.1322441065153194e-03
-1.8074096932171584e-02
-5.0529814627229067e-03
3.3925932929906519e-04
-7.9332599882015534e-03
-2.5137526483076269e-03
8.4464918332415213e-04
1.4582936278183006e-02
2.0403426498984945e-03
-2.2741781629120075e-02
1.3406214385067404e-03
2.5705438870083025e-03
-9.8328926009851342e-03
-1.0355038808618328e-03
-6.0500820628717113e-03
-4.4707135506808346e-03
-4.0662430573972499e-03
1.3545430777290944e-02
1.3020219057086731e-02
8.0266760796514486e-03
-2.1806264721762600e-02
-1.4104559540584375e-02
6.0842585349007387e-03
-1.7675023946332361e-02
1.3524770738761092e-02
-2.2093326167350554e-03
-4.0159786749195871e-03
-3.1317837665890032e-03
2.1115829529173512e-03
-1.2099225655852572e-02
-1.4615557397002193e-02
-9.1549960115398371e-03
7.8054404957111009e-03
1.1843313319857475e-02
-5.8886214033549355e-03
1.7775786551111859e-02
1.8111835785670289e-02
-1.2294263468211188e-02
-9.9018202328810825e-04
2.9539321426580976e-02
4.5881780240441244e-03
6.8950605225345804e-03
2.3845458240868332e-02
3.6715448718182197e-03
-1.2155830169125224e-02
-5.7508093282161513e-03
5.5699515517120494e-03
-3.6038576626727853e-02
-1.8613596016870466e-02
4.1894251443459346e-03
-4.0259737194046213e-05
3.8781877128873359e-03
6.3888216415797106e-03
-1.6408847491202886e-03
1.8073721129036782e-03
1.6361061306890138e-02
1.7514897513395040e-02
2.5310426778537769e-03
-1.1608153661909426e-02
-2.4583756113896248e-02
-2.5446285641034672e-03
3.9537336111277882e-03
8.1298049000040808e-03
-2.1367021244144257e-03
-1.7824602051031330e-02
-5.7623612458415716e-04
-9.3309113822272749e-03
1.1702615468439721e-03
1.0347359490921115e-03
-9.1874060989451910e-03
1.1524924715174845e-03
3.0363222581544719e-03
-1.3005853091101683e-02
2.7047888997618383e-02
-3.7777335516891358e-02
2.6187559653237519e-03
-1.5011087189985603e-02
-7.9300793302657848e-03
-1.3724307928188203e-02
1.8229503240729701e-03
1.0355102756880084e-02
-9.0965677547584197e-04
-1.1129782529915273e-02
4.1327073993833209e-03
-2.2458820079080968e-02
2.6212164698347386e-02
1.0827019370674980e-03
2.0111471374869561e-02
3.0198052949211070e-02
-3.3944973080433840e-04
4.2746095687715223e-02
1.8821697196141313e-02
1.0706731890440647e-02
2.0579211715637504e-02
1.6647365213117956e-03
2.5636759535613601e-03
-1.6395224023145415e-03
-1.1388757071882031e-02
-2.9780246708461574e-03
-4.8918679926747959e-03
-4.3600153362509759e-03
-8.9935671523016323e-03
-2.9646334596751089e-02
-6.6199666762680482e-03
1.3975811804545771e-02
-5.0815085431332712e-03
1.4579271340300817e-03
1.9160820433038270e-02
3.5153012751682235e-03
-6.8999249037722359e-04
-8.4413146790578847e-04
8.8748560417739302e-03
2.4466988401667993e-02
-1.3044597189662374e-02
-4.9283307502302962e-03
-5.4007989916819450e-03
-6.5203760442019976e-03
1.1823916648939132e-02
8.5981575417458595e-04
-1.6210264825587493e-02
-1.5558465284465965e-02
-1.8374557349596938e-03
9.3954778157004856e-03
3.5687163303983714e-03
6.4326181972492649e-03
5.2629503098596837e-03
7.2211720538035186e-03
-2.2844731360814823e-02
-1.6510304786223088e-03
1.7567315179638214e-02
1.0378881932798898e-03
-1.8664898222850172e-02
-1.8744166715505814e-02
-3.7961677314705179e-03
5.9525804549404948e-03
-4.8094707220081301e-03
-2.5226880559126291e-02
-2.1613947679748481e-04
1.1143388524705801e-03
1.9707964842307822e-02
-9.8807750113184128e-03
-1.6880454756296372e-02
2.5744726419273840e-02
7.2880364551680182e-03
-2.4695525856864083e-02
-5.8233162186701205e-03
4.4093141931090353e-02
4.9210009129778149e-03
2.1673937600539882e-02
4.8304252325849185e-03
1.9670515865286790e-04
3.1164255295432042e-02
8.2840980463698942e-03
1.2429320514484353e-02
-2.1973697378816825e-02
-6.7768322046905492e-03
-1.0513010422292909e-02
-1.2322452953825272e-02
2.4420259857978924e-02
-4.6776926907444111e-03
3.4192804394568260e-02
-2.0466864101174896e-02
-6.9188549799069797e-03
2.5722447444570265e-02
8.8619675233450618e-03
-4.6916872697373106e-03
6.1133325503278796e-03
7.5182049027501486e-03
1.3415770283034525e-03
1.1497061164557560e-02
2.3940506006862282e-03
1.6004045908548117e-02
-7.8083288244919780e-03
-2.2125705580683143e-02
2.8488014080427802e-02
-1.3834025886522921e-02
-1.2928783964722339e-02
2.8853125359739072e-02
1.9587012335643529e-03
1.2969658235854036e-02
-2.3508047371391901e-02
-1.0709468475343348e-02
-2.3949436889792619e-02
-5.4273131400624144e-04
-1.5644553125664047e-02
-1.5421398430850546e-02
-3.4602809406609472e-03
1.1002147550100188e-02
-1.9807656626637013e-02
-1.1109085774647311e-02
-4.5368210826237307e-03
-7.3900475320655681e-03
-1.0377423056362661e-02
1.6673884072914376e-02
3.2931455215344942e-02
-3.6072539844088708e-03
1.8147188563333850e-02
4.0431604638729076e-03
4.8581995277569984e-03
-2.2298214233766968e-02
-4.1832271476979193e-03
2.3193575144620174e-02
5.1988003344639556e-03
-3.7528849268883870e-03
-8.0497682167318986e-03
1.2444447651772585e-02
-9.1630258755961112e-03
-3.9056537120394728e-03
7.7023804381892210e-03
3.4443761056757588e-02
-2.0823425581470226e-03
-2.1648585166414843e-03
-1.9604327951516821e-02
1.6228783848769360e-02
2.4772435739985029e-03
2.9690110580591747e-02
3.0838309071241476e-02
2.6994274233486009e-03
-5.4511006133804250e-03
8.4623551842434291e-03
1.7574309268637796e-02
3.7013322980522954e-03
4.0014288697441253e-03
-8.2463003016790722e-03
3.5522974977946625e-02
1.0999774830933694e-03
-5.4554091324861415e-03
5.7262544345993279e-03
7.3208123758856970e-03
-1.9336109166810545e-02
1.8565336470697949e-03
2.8424145661407760e-02
-1.2833757044640527e-02
-5.9346436550231866e-04
1.5301012853694392e-02
2.3195049508125284e-02
1.1008926324823391e-02
-1.9523697814902010e-02
6.1699463185149617e-03
-4.7558077300655907e-02
1.3777718020756093e-02
-6.2760812777980651e-03
-4.4667325169579705e-03
-2.4170627685753267e-02
-1.9925231433159458e-02
6.2749448090969537e-03
-3.0971048402856209e-03
2.7563307054133622e-03
3.0420459889364534e-02
-7.4679349209041523e-04
-1.1651657193059937e-02
-2.8800483939568217e-03
-1.4376833662773172e-02
-1.1298420519801121e-02
8.3699940601432519e-03
-2.0099775158113176e-02
4.8767715625104492e-02
-2.2012427271756996e-02
-2.8498149758531141e-02
9.7448562623735011e-03
5.3771867953936407e-03
1.7321753419238632e-04
-1.9008384719716647e-02
-2.1165957104333846e-02
-2.8761542201148675e-02
3.4714603580340890e-02
1.5863765429000240e-02
5.6831153844464745e-03
1.7915874409424083e-03
1.8015696676067103e-02
-2.3090270731466737e-02
8.7518203521540390e-04
5.3072000030419588e-03
-1.8957606110984217e-03
1.3435772843983611e-03
-3.6728578592574780e-03
-1.3774134825525926e-02
4.9163867145134068e-03
-1.3744716475604976e-02
-2.2606076461577536e-02
-4.9913268902664490e-03
2.8355225433638782e-02
-9.8672763876216200e-03
-7.9168666921597929e-03
-1.2855573674697163e-02
-2.5419758104120768e-02
2.1850641156400852e-03
-2.8315121773172395e-03
-1.8426154995469832e-02
-7.0792401167668779e-04
1.6689913826893922e-02
-2.1606359390937673e-02
8.2613663261103584e-03
2.3188269587373928e-03
1.3290506758397413e-02
2.1300727832509422e-03
9.1399669097158767e-03
-1.5954320758277116e-02
-1.4466827860846222e-02
-1.8855868088785997e-02
1.5826958728567431e-02
9.2919144518020177e-03
3.2728934687490394e-03
1.5296838718142487e-02
6.7021192803862553e-03
-4.0537242872557052e-03
-7.5506710945346398e-03
-1.8074515736103969e-03
9.5557838477938351e-03
4.1450518562995427e-02
-1.7110817867831175e-02
9.3325556752413621e-03
-1.2996855477444415e-02
2.3262085141224936e-02
3.5587525574500263e-03
9.4840970381522768e-03
2.1562057520628349e-02
2.6552413771516657e-02
3.5298466298132780e-03
3.2753320133526113e-03
2.5079281402520488e-02
-2.0861456002676040e-02
2.4131107334968815e-02
3.1756227277656847e-02
3.6448067881842211e-02
-1.7001535057524046e-03
1.7441715726214295e-03
9.3070815769073934e-03
-2.5061598590922191e-02
-2.7688090863807698e-02
-6.0437248059016331e-03
-1.6904274279692317e-03
-1.7528070160392688e-02
1.3978076663642421e-02
8.0757824332286562e-03
1.4728422489131747e-02
-2.0516523413814439e-02
-2.7717894200163882e-02
1.6810749046231893e-02
-1.5910002506300942e-02
1.4434690782010050e-02
-8.9196876060820048e-03
-9.8526100001048358e-03
-1.5595630272461884e-02
8.2084690835851591e-03
1.9754599368449807e-02
-1.5808977465597552e-02
8.6635786789107053e-03
5.2318615079207107e-03
2.2114363922971812e-02
-3.2750887526455537e-03
3.8007917850902920e-02
1.3284485162522873e-03
5.8957685424454332e-03
-9.8693373904703619e-04
-3.0503448705161199e-02
2.4892666937811826e-02
-2.6388610279372896e-02
1.0719620351512341e-02
2.2743809913101716e-02
8.0965499758053269e-03
1.9031170665740060e-02
-3.0964814501753923e-02
-1.5830582020197673e-02
1.5196918768770544e-02
2.2886946953852669e-02
-1.0744726876810320e-02
2.0185548743169569e-02
4.4631413647191103e-03
1.1540849337930160e-02
5.8581833526878332e-03
-7.5984286020281070e-03
-2.2320462340672798e-02
1.9895363815162721e-02
3.2595433446747764e-02
-7.3072410805478626e-03
1.0992327478738345e-02
1.5523576654969271e-02
2.6860955859440566e-03
2.0167677945434850e-02
-3.1034164972786439e-03
-4.3712882175592882e-02
-1.1929517628443255e-02
-1.4526000415809421e-02
1.7526207420540049e-02
5.5530808985505640e-03
-9.0035015720795648e-03
6.6250643284824122e-03
4.5494686886943777e-03
-2.3248908487033685e-03
1.5338579593165748e-03
-8.0900527605225932e-03
1.6606197587826745e-02
-1.4752891674155453e-03
-1.6056225127415689e-02
2.5892971332753096e-03
1.8741341501416903e-02
1.8972507817283112e-02
-5.1540936456505159e-03
3.8748223417922559e-03
-1.1858554655767762e-02
2.0255402208564942e-02
1.1595863145428702e-02
1.9429719594830148e-02
-6.7043908985489672e-03
-1.8306555276749912e-03
2.6648398873244062e-03
5.2769586821636736e-03
1.3322544539042209e-02
-5.2056989848483243e-03
4.8345603268541608e-03
-1.8848907431537377e-02
-4.2618630193955922e-03
-8.8109887700981160e-03
6.1511240050058629e-03
-3.5661360896418956e-03
2.9146845114343396e-03
-4.6919148274940571e-02
3.1350134467071321e-02
2.7209480267289640e-03
-7.7729775228106389e-03
1.6884799813972572e-02
-1.7333019987614585e-02
-3.7132764608604471e-02
-3.3685219501844652e-02
-1.5933391080752961e-03
1.5924839689579976e-02
-7.6678473102250204e-03
4.3858192459188365e-02
2.6782933412638165e-02
-1.0891811195811051e-02
7.4930319104812215e-03
2.0376037375158133e-02
7.8974807896814766e-03
-2.4963078920758476e-02
-4.5912827033826348e-02
6.5977199175542157e-04
1.7800931257363116e-02
2.8128392656466491e-02
-3.9233079759233055e-02
-3.7840389028334115e-02
4.7273584214434774e-03
-1.2069499386427852e-02
3.3305628886797041e-03
1.6287786407882344e-02
1.4467653006350802e-02
-9.6670186593210384e-04
1.0045612930953312e-03
6.7056648188832824e-03
-3.1617911647251744e-02
-6.9976483362770786e-03
-9.8830894100027621e-03
-1.3535576203690383e-02
1.1817361284465639e-02
3.1897228150473876e-02
2.3731254832728147e-02
6.8543669537233474e-03
1.3629618077071954e-02
-3.7687487222224834e-02
1.4073735018745166e-02
-1.6956143039453770e-02
-5.8486848986603057e-03
-8.2383060882756185e-03
-7.6014641418459131e-03
-3.4802205268684938e-02
2.4051380810990914e-02
2.7476511361732479e-02
-3.2905980352338375e-02
7.5718926870553156e-03
1.4310042334005102e-02
-2.7017859923514638e-02
2.7711619289352014e-02
7.4609912557038740e-03
1.4205101569759770e-02
-1.5763641669149300e-02
1.1521581713192930e-02
-2.5878956944176419e-02
-8.5303364894311028e-03
-3.6983606894653569e-02
-2.4410994332319955e-02
7.3097404479868251e-03
3.3675246580862010e-02
-1.7388589875085694e-02
6.9821217321408089e-03
-2.1622874332883398e-02
8.9463708714953381e-03
1.4880596395686163e-03
3.7664324054521563e-03
-4.0165610536752258e-03
-8.4806812067061315e-04
3.6969684873016558e-02
8.6938605999315501e-03
2.5575852770865042e-02
1.3297379488675222e-02
3.2011459755671975e-02
3.9558187709961713e-03
-1.0948660368645176e-02
-7.6866355748905152e-03
4.6134909943187589e-03
-9.5280155318998097e-03
1.7834932534535237e-02
-2.6687511696009303e-02
-3.2086296829555530e-03
-6.8306262322539758e-03
1.9508692178607862e-02
-2.4325184957016417e-02
1.0488685786040499e-02
2.0206102051207885e-02
7.3031323589028627e-03
1.3962614247797741e-02
1.0123333716506765e-02
1.1255606409444313e-03
-1.8974429310306112e-03
8.7494531705445844e-03
4.0726376531798241e-03
-3.3058373724053000e-03
-9.1035532747733051e-03
5.0786451191539635e-02
-4.0465337795584739e-03
1.4454721878270082e-02
-1.8345397773703205e-02
-2.1297555783148382e-02
2.5871482287496805e-02
1.0915499468974079e-02
3.7127134372170717e-02
8.1503646364294233e-03
-1.9000031415340325e-02
-1.6272504258615646e-02
-1.9404560521948690e-02
-3.2565899711224588e-02
-1.4331372180908700e-02
-2.6010465431266568e-02
-4.6240539422236476e-03
2.5498955479409210e-02
1.1871633394219117e-02
2.7942215725480186e-02
8.9689274164435470e-04
-3.4787791395064112e-02
3.9187180825432325e-03
6.4828944138294181e-02
3.2539868302914797e-02
-1.9424862531688919e-03
2.4129187607480691e-02
1.1037459928997938e-03
-1.6660111875548524e-02
-1.0457391348869541e-02
3.1320087955982547e-03
-4.4686780712220285e-02
2.5270245069640342e-03
4.4567275674388299e-02
-5.2373297444616102e-03
2.2893307040894081e-02
1.1552935566043993e-02
-6.3844876868751985e-03
-1.8243918106900087e-02
1.2402282029384619e-03
1.1547794228825450e-02
-2.3461486432736486e-02
2.0154846838662931e-02
-3.9780588578131784e-02
2.0604351655406958e-02
2.5775747407601565e-02
8.1576836549629818e-04
-9.9236603748466788e-03
3.7677437492362785e-03
4.5294154304437815e-03
-2.1867585863119487e-02
7.7411779204821195e-03
1.6384191519678522e-02
8.4975327638474266e-03
1.3049161797676402e-02
-1.8531605336193073e-02
2.2229700831547395e-02
-4.4647372625681893e-03
-1.7200614549156515e-02
-8.7156950420860645e-03
-1.7829808761937561e-02
-7.6142516595227036e-03
2.3180427152614184e-03
-1.7228765859412704e-02
-1.6175377293254366e-02
-1.8797246336175921e-02
6.0103288401516554e-03
1.9827670044425035e-03
1.7202662616045073e-02
-1.8195883035977307e-02
4.2620291965023441e-02
2.7923603608302700e-03
1.4644650989603516e-02
-8.9339524938057691e-03
1.9516725329154092e-02
1.0055176911584956e-02
-5.1626715325239873e-03
2.6443891903376156e-02
5.7957778836833382e-02
-2.5477696045344070e-04
2.8200330699829908e-02
-2.0456938744233995e-03
2.5251690416621869e-02
4.3708874991644171e-02
-1.0757067092788333e-02
5.7652721496871109e-03
-2.5428558877967612e-02
-3.1558942487340480e-02
-3.4556787488508084e-03
2.1695763943393384e-02
-4.0771626811991844e-03
-8.9340094876940706e-03
-2.4656110680053259e-02
-3.0712707325798491e-02
1.9742982425184630e-02
5.1348797472362383e-03
2.1191750191774310e-02
-1.0768492756033478e-02
-1.6303708241120526e-02
1.8672604476699779e-02
1.7315945270256154e-03
1.8123315865380643e-02
-3.4114358034214448e-02
9.6446852881833644e-03
-6.4782357249963144e-03
8.2501344920549169e-03
-2.9864075807964581e-02
7.8266614731124142e-03
5.9539534578554945e-03
-2.0484443008346242e-02
-6.4231917090281452e-03
-9.1085174829634227e-03
7.7496159306636222e-03
1.7445726997140601e-02
2.1619082035144774e-02
1.6624159526088082e-02
1.9015457341023494e-02
-2.1313224498381529e-02
5.7558072919772062e-03
1.0761712457787329e-02
-3.0259269154270319e-03
1.0861440762961269e-02
1.5188779783411351e-02
-7.4590092176845786e-03
1.2138913957166946e-02
1.7862422913916029e-02
4.0304678893763102e-02
8.9476715358329604e-03
-5.9389206295299569e-02
1.1739320110248289e-02
4.6029072558045120e-03
1.9932403495789945e-02
2.0632294669156150e-02
-8.8711064768512166e-03
-1.9483477307120765e-02
-2.3145841060759259e-02
-8.1974113109590952e-03
-3.0350312867454321e-02
-3.7783288431521289e-05
2.6138573845033285e-02
-2.4984465795795628e-04
2.2495147099375046e-02
1.0414506248776288e-02
8.8587098485626622e-03
1.8228157876717409e-02
-1.8221357028556977e-02
-1.8464869057966942e-03
7.3139656048910266e-03
-9.8800270168170057e-03
-1.2087555874733272e-02
-8.2117292444403682e-03
-3.8842950303567226e-03
1.9689086157156605e-02
3.3966085498932118e-02
-3.2580813076314307e-03
1.2407569631033222e-02
8.8674899988059261e-03
1.7015677268983195e-03
2.9973324234121509e-02
1.0986650352698118e-02
4.9653965061813299e-03
3.6100873751064621e-03
-1.3115818856582591e-02
-1.2126190769324308e-02
-3.4497156983011408e-03
8.2135748711088287e-03
2.3811227567712115e-03
-1.1648958957395610e-02
1.3994499174225206e-02
-1.0540805542956444e-02
3.1694266063166270e-02
-2.0708303245999593e-02
-1.9005770672523625e-02
-3.2499478977155785e-03
2.5879350776568258e-03
-7.1988459000445074e-04
2.4695810466488801e-02
-7.5604903790412034e-03
8.8954232043675537e-03
-1.4933099142384210e-02
1.2810456126858306e-02
2.3456733269319928e-02
2.0384424422278800e-02
2.6139253046143746e-02
1.2251352182305464e-02
-7.8051272568439561e-03
1.3394165008649013e-02
-1.3148273291492202e-02
-1.8652578391159007e-02
-9.8756491691758194e-03
-3.5810474476062476e-03
5.3984091679553986e-03
3.7133539522653499e-03
-1.9567816175808231e-02
1.6363318521511499e-02
-4.0103465178962273e-03
-1.8063903525446692e-02
1.4271706451717164e-03
-1.5341502138234328e-02
-1.0996781464583072e-02
-1.5222977978374538e-03
-6.5462148324102543e-03
-1.1699499019274320e-03
1.8095810615524035e-02
-5.9697494552273089e-03
-2.4441518577702210e-03
-1.6809981048456629e-02
6.5606084267673739e-06
3.9907389918910838e-03
-1.8912368045812099e-03
1.0504138046126731e-02
1.9632670309675153e-03
1.3227673361521019e-02
-1.6881153139217717e-02
2.9243984683681589e-03
1.4695369219884374e-02
3.7175741388838668e-02
1.0407078662171247e-02
-1.1926236036068076e-03
-2.3607866175264815e-02
1.7124418068900183e-02
-1.6432105220709724e-02
2.3189153251418199e-02
9.6345837024506657e-03
8.8041031033781001e-03
2.2977056508636975e-02
1.5283761510631107e-02
9.7600636551071389e-04
-2.3548439110746149e-02
-5.0301739658014542e-03
-2.2021100408147896e-02
-3.2209973130692598e-02
-2.0702750245185048e-02
-3.4430610233812170e-03
-6.0218521326879833e-03
-1.5396433575087749e-02
-1.1050094317674444e-02
-2.3033605062126781e-03
2.5531403042353067e-02
3.3157571876443796e-02
2.6847894548385150e-02
2.3592105552236897e-02
-9.4734176361911334e-04
-1.4422085988104285e-03
-2.0190278279859742e-02
3.3336497193424436e-02
6.3709962101762673e-03
-2.6322194124418885e-02
-3.0163798205648788e-02
7.1949623583225358e-03
4.0903255190846671e-02
-3.5128421223183097e-02
-3.3633887223544156e-03
-2.5547710603190717e-03
-2.5918828836571445e-02
3.4216602148059341e-02
-6.5961897770168117e-03
4.2668178386840526e-02
-1.0331707889398653e-02
1.3656253413906034e-03
-1.9175820961458414e-03
-1.4574876132591430e-02
-2.4154433664641480e-02
-1.1714849531578839e-02
1.3818278543577280e-02
7.9956956568806581e-03
-4.3423477096732497e-03
-6.1808956838139209e-03
-3.3116951555856727e-03
7.3803761905171083e-03
1.9637619821082993e-03
-9.4833105395259812e-03
-2.1841975336524107e-02
-6.5033491150225404e-03
5.7633656836365722e-03
8.0736439117327224e-03
1.0786600905672005e-02
-9.1286598720083344e-03
-2.0022599216349222e-02
-5.6957826448417685e-03
-2.0731222865766123e-02
-1.4030054230289787e-03
-4.6650502955613127e-02
-1.4388077686892811e-02
3.2354005281352897e-02
-3.2559502722724218e-02
3.7636334243728933e-03
3.0014510744010941e-02
4.9334533472050392e-02
-3.3429040805660941e-02
4.7250810672961495e-03
3.4879253146361873e-02
3.4412444517077187e-02
3.6128287547271647e-02
-1.0381494292549392e-02
3.3523434652776049e-03
-3.7751878842040166e-03
2.2163512186261905e-02
1.6319905879438625e-02
-1.8889054536622093e-02
-6.7721012329779104e-03
2.4846264798554611e-02
8.5344653667824904e-04
1.2390163506921492e-02
-2.2988999840562685e-02
-8.1377121943914839e-03
2.0175170272459735e-02
1.1596100999574274e-02
9.3451658732657435e-03
1.7511621073805779e-02
-9.7057488353794602e-03
-2.7005897791589104e-02
-1.3471115303752322e-02
-5.3123769082860359e-02
-1.5203505521404037e-02
-3.4242262765879765e-02
-2.2446588103897828e-02
3.4009303024691837e-02
1.8199960420547241e-02
5.4364987454108126e-03
-1.7350118502950658e-02
-2.0475536126351373e-02
-6.4571676369244626e-04
7.1280212677213101e-02
1.9194811144775663e-02
9.0792322411020624e-04
-3.6836675744707937e-03
2.9359692868416295e-03
2.0111537698791201e-02
-1.4755252964712759e-02
-9.6550752109915636e-03
-3.6504602686330337e-02
-1.5235316811698502e-02
4.1081634596938629e-02
-8.4809961418033479e-03
1.6461939850105682e-02
3.0232686591255126e-02
-2.7065032219261535e-03
-3.0039438612402665e-02
6.8650754042013044e-03
-3.1603694004866449e-02
-4.2286595115074599e-02
2.7100900434929867e-02
-2.4033154500406061e-02
4.3232506474184520e-03
2.9294654627488429e-02
1.3924426697384749e-02
5.0101381918254539e-03
6.7902507571309147e-03
6.3797911321395537e-03
8.3940365968079023e-03
-1.2848458762274128e-02
-1.1249792809103598e-02
-2.9996808224198707e-03
-2.3781799165762101e-02
1.5311988394659942e-03
-1.1433106817330834e-03
2.6974366713488226e-02
-2.7260464647688581e-02
1.0431662991191772e-02
-2.5326548464887244e-02
-1.8778795249903522e-02
-2.2669817553621123e-02
-9.2869972454590437e-03
2.0307672768778793e-02
2.5956221434425392e-03
-1.7950142030693273e-02
1.1214376852991467e-02
-1.2593899806107213e-02
2.2143498213545235e-02
-2.1315986400413885e-02
2.8669595719300677e-02
2.7269013776341847e-02
-1.7053555153942741e-03
3.9599448390752807e-02
1.0469270979067068e-02
9.3293119523380225e-03
1.4412189979332570e-02
6.1354856380589707e-03
1.7660723643246182e-02
-9.3649906508650772e-03
-2.1739541609660847e-02
1.8742161638064036e-02
-2.2919275517839857e-02
-3.0791108545066468e-03
-6.3482588439434115e-03
-9.3774405214177483e-03
-7.0275416604657116e-03
5.1986117021663196e-04
4.1725313093725069e-03
1.5346549483373205e-02
-1.7976955507089432e-02
-1.0594403688472701e-02
-1.2704651937929239e-02
1.5498271220003475e-02
-2.5869182244892767e-03
2.1016537179307650e-02
8.4000657843587203e-05
1.2081125375692831e-02
8.9669183108062461e-03
-2.1933783917384514e-02
2.7770824806099222e-02
1.5271839429696446e-02
7.0140061159183178e-04
-3.0790883651141247e-02
-1.5726346253467430e-02
2.6763035226048670e-02
-1.8161693259856705e-02
6.2888196242417132e-03
-1.4940981475710912e-02
-6.2305766763091561e-04
-1.0142619771025884e-02
-1.2161779181820637e-03
2.3954105418120160e-03
-1.4790158006695031e-02
-2.6288453579072717e-02
-2.3139650998975823e-02
3.7710092795787825e-03
-1.8222464289304387e-02
2.4674050517507116e-02
4.2204298877865773e-03
-1.7681315539172640e-02
2.8488274018446599e-04
2.2791421287919344e-02
5.0584177876618168e-04
-9.4331183747610077e-03
-6.6525195665377021e-03
1.6827189528721739e-02
2.7602342012756631e-02
9.7838209964030923e-03
1.4338142046787119e-02
-1.6683305365283552e-02
1.1397353138975453e-03
1.2588265373636632e-02
1.1935020452920952e-02
2.7025262333432342e-02
1.1334416975451135e-02
-7.9945918829442877e-03
-6.0259156778885489e-03
-2.6364949730886440e-03
2.8280912009995256e-03
6.9293752300055283e-03
-1.3982871840119818e-02
-2.1825833046804098e-02
2.1720055803820998e-02
-1.2289393245891785e-02
-1.3293422433583297e-02
8.1547331876957608e-03
1.9190097967243733e-03
-1.0035344310247130e-02
-6.0430387884087416e-03
-9.2771457620322555e-03
-5.4148120999489603e-03
-3.6862687876216219e-03
2.0157511653878021e-03
1.9104744482022953e-03
2.8774096097013637e-03
5.3010775528060980e-02
1.6528987929371838e-02
-8.9137578960442557e-03
1.0440034551884650e-03
-4.4833105588387660e-03
-3.0051453787638309e-03
-1.1825676444592519e-02
-3.4312564563934531e-03
-3.8124485419758138e-02
-1.0326530319912663e-02
3.7143727578447870e-03
8.3592068216022421e-03
-1.2454866467868135e-02
2.2644234612256925e-02
2.0756662475946326e-03
8.2106235751860743e-03
-7.2841811660732296e-03
1.1698505338927839e-02
1.5535590504822665e-03
1.6730302328045048e-02
1.0107042566980768e-02
-2.3947923496535281e-03
-6.7429087841557175e-04
1.0819209905053240e-02
7.7619518062325091e-03
2.2813435389412204e-02
-3.3650908638387968e-04
1.1734050436567372e-02
5.0087781121464035e-03
1.1696554745849620e-04
1.5667378912623094e-02
2.7037919134332818e-03
7.5942212876783984e-03
-1.0019411204922167e-02
-9.2661293925002473e-03
5.2978962198207214e-03
-1.6635577558666390e-02
2.4697289767942922e-03
-7.5029334108596153e-06
7.0487561455180991e-03
-2.8641161232740102e-03
1.9546641279723682e-02
2.7489370616548972e-03
-2.5660498046961994e-02
-9.8114321341240887e-03
2.2386121790831083e-02
9.7881926349203882e-03
-3.6922043993377826e-02
-1.4082097206946729e-02
-2.7392356362225815e-02
-4.3431801001792787e-02
-2.6010908525592423e-02
-8.9197694000648885e-03
8.9223414247395451e-04
-2.6172663133669529e-02
3.5073723663558105e-02
1.6657374787074054e-02
-1.4518343868019871e-02
-7.6124749269088805e-03
-8.7979966017569522e-03
1.3295172566239291e-02
-4.2110247435219938e-03
1.8159694934269100e-02
5.2363712288952102e-03
4.1354071637250385e-03
1.0846232255274389e-02
-1.3340915688572347e-02
-2.2312273658247676e-02
2.3643840240641860e-02
-1.5456552712283498e-02
1.8115596105781787e-02
1.7680912595233772e-02
9.6416476568989117e-03
-1.5712287303295203e-02
-3.5880667840234295e-03
-1.1206788705873914e-02
-3.5172573900200623e-04
-9.1506841592287388e-03
-4.1528123465449790e-03
7.6798471240961275e-03
-1.4812408490350225e-02
6.2120223001654942e-03
1.1475342897257046e-02
-1.1149861525139911e-03
-4.2310362330179232e-03
-1.9592797136723492e-02
-6.9272574214322433e-03
-7.8684557269280472e-03
-2.0738504764973676e-02
8.9897976943608682e-03
1.8637452574099779e-03
-3.7336794437929956e-02
-8.5130025178477096e-03
1.3754552526877760e-02
-1.6973689486781008e-02
5.8880121758385596e-03
-4.0885423764680613e-03
-1.6527503892428401e-02
1.6545696276558833e-02
-5.7955246029464018e-03
-5.6462505105250053e-03
-4.1344672708007396e-03
2.9537470714059978e-02
-1.4013887076538595e-03
-4.2558002743287478e-03
-1.3622194477010421e-02
-1.0191387675507110e-02
3.0810761423290690e-02
3.1296360673912949e-02
-8.0061832945624127e-03
1.1096730345618533e-02
-7.1830561307753759e-03
2.4079120319447801e-02
3.8804081156788126e-03
-1.0294287483715409e-02
-4.5983365147913777e-03
-1.2156596354915172e-02
1.7465962852197512e-02
1.3823728077017710e-02
1.6933787730662474e-02
8.5371584859639631e-03
3.7127799643478154e-03
7.8294435410955626e-03
-2.7693818891646297e-02
-1.4981510503416616e-02
-2.1977938755294201e-02
-1.0896975630132078e-03
1.8542423352346432e-02
-5.4709543324064627e-03
1.6876218161210450e-02
-1.5881057321559151e-02
1.6141312011624921e-02
-2.6340953217467846e-02
1.9327243833794805e-02
-1.2735735111307819e-03
1.0570697752651180e-02
1.0078312102400341e-02
9.7083596888319704e-03
-9.8859042077614648e-04
-7.5055651154168441e-03
1.0626404523099956e-02
3.1351777527041940e-03
-8.8604273095188851e-03
-1.5272900524056689e-02
2.8149589856758431e-02
-1.4942499460955555e-02
-4.9705826916464288e-03
-1.8437835258243197e-03
-9.9174317410704281e-03
2.0633687930980062e-02
1.9668505243565844e-02
1.1403302810468606e-02
1.9044275424643885e-02
-6.1037017048666724e-03
-9.6671373251115186e-03
-1.3933264038025757e-02
-2.4308216646766412e-02
-9.8881030955272741e-03
-1.2686640731963857e-02
3.8633225840986147e-03
1.0160445641166648e-02
-1.4657035365347527e-03
-1.1203740972412201e-02
6.6817240167305475e-03
-1.6905723826291161e-02
-8.4742694873025902e-03
5.8490607106983589e-02
2.2268515422139219e-02
4.5498827927161955e-03
-3.1446528604088019e-03
-7.3879315675477192e-03
1.1855875831692200e-02
-7.6260042369959424e-03
3.8676009498859656e-03
-2.2297189396735938e-02
-4.6850741448838150e-03
2.9724307888863134e-02
1.8660740485888574e-02
-1.3907087805387749e-03
1.8250461956328557e-03
-4.5088548394734869e-03
-2.7168796172733320e-03
6.7418720787432032e-03
-2.1044473754509730e-03
-3.4954823028180235e-03
1.7920929123273820e-02
-2.9949383681268014e-02
1.0591228196165706e-03
3.1302663204887227e-02
9.4079230440304654e-03
-7.3167260007326812e-03
2.5510238300462257e-02
8.1954833571602458e-03
-1.3427732058763936e-02
1.4946937074341419e-02
-3.3693895107263236e-03
2.2014265930994488e-02
2.7577631806996860e-03
-3.5444051714810694e-03
-5.5069201781347971e-03
-3.5362127656261892e-02
3.0881278703428352e-02
-1.5432885647380379e-02
1.0283296720547442e-02
2.5240491782026857e-02
1.1900789749878472e-02
2.1756484332842104e-02
-3.7558049025652435e-02
4.0684467827471335e-03
7.3000399003835884e-03
1.6787369369783509e-04
1.1339281120066809e-02
-2.0615788070880357e-02
-1.5205617291591558e-02
-9.5655666222375698e-03
-3.5113147899245731e-02
5.8773808161417980e-04
-3.4189262128866249e-02
-2.4673956928762866e-02
-2.0090541684870431e-02
-9.3583745199304867e-03
8.2306121108608604e-03
-1.4254778439329877e-02
1.6060284332443487e-02
1.4665871452829717e-02
-6.7909411709946958e-03
3.0837048464185408e-04
-1.0193112382737362e-02
2.1266871716840382e-02
1.3932554055818476e-02
1.8557763550712637e-02
-1.8602297936605575e-02
1.2616696629974136e-02
7.5525488168121588e-03
1.0765143000053434e-02
1.6855796742129406e-02
1.7488526002008335e-02
-9.7241578419909637e-03
-2.3551821736564126e-02
-2.7930907283725007e-02
1.5852409316929324e-02
-1.3210040225086376e-02
4.0029856985647708e-03
2.8316131541707031e-02
-2.5687833487378936e-02
-2.0792134557420603e-03
-5.6603502065589052e-03
5.7070526029105603e-02
6.5132396844210776e-03
-5.0001986746038198e-03
6.5764538973309373e-03
1.9350209686412066e-02
6.4433842102251341e-03
1.1897584157033351e-02
2.6209507088657158e-02
-2.9217999055819914e-03
-1.3617204103988560e-02
9.4338942480017181e-03
3.3182090867252947e-02
2.1371918301429926e-02
-1.9905715805279622e-02
4.1813910606179928e-03
-1.9817214147967055e-02
9.6800077076465985e-03
1.2287923766872794e-02
-1.2191811783967966e-03
-5.8156119441258716e-02
-8.0870221721784444e-03
-9.5760635658361671e-03
1.7513807605325858e-02
-3.4791736681594243e-02
-1.5827421402007165e-02
1.4045094795364945e-02
2.0137396871653316e-03
1.7975906316418433e-02
2.5554619772456735e-02
-2.7799909749996573e-02
-1.0426084263567267e-02
-1.3354812737198969e-02
-2.9199043131065149e-02
1.7854521658354557e-02
1.9341929098068634e-02
-1.5288086586151443e-02
4.1780453098055219e-02
1.1806464489117006e-02
-4.3174810742069566e-02
3.8417111181156316e-02
-1.2902478869239302e-02
8.8333095861257011e-03
-1.7378549100006923e-02
-2.2299032744009906e-02
-1.0144962734232512e-02
3.3579596565558020e-02
7.0598083209201436e-03
-1.7644932284111108e-02
-1.8758101365301323e-02
-1.6956975776458497e-04
-1.8726964940941049e-02
2.6391735500687734e-02
-1.6272941103880778e-02
4.7018098924176500e-02
1.6686302406626097e-02
-3.7434149500978329e-03
-7.9106934507932204e-03
5.0707873039007208e-03
-9.5458950370341505e-03
1.0698525687273224e-03
-7.2428986065226682e-04
-2.0139250400101571e-02
-2.1584456188270654e-02
1.5662986074094533e-02
-1.6162791228851600e-02
-6.0131284883277718e-04
-1.0675787454408923e-02
3.2014495261917914e-03
-9.3101854804818265e-03
-9.1153717227409215e-03
8.8682337522760224e-03
-8.5931513619174726e-04
6.1892637665175495e-03
-2.0149705941659361e-03
-9.6713765282949726e-03
-7.0377369666217993e-03
-2.5962261617608101e-03
6.3182569490141558e-03
6.4571578934919435e-03
-2.5189981653639747e-02
2.2946374724311023e-02
-5.6256666908404548e-03
6.1703459114576548e-03
2.6224131620241866e-02
3.3726207317957835e-03
-4.3202468526197426e-04
-2.2336137926513354e-03
1.2485409356632874e-02
2.2355716938502967e-02
2.1108016291487134e-03
6.1408524208354373e-03
-2.1014493538636214e-02
-4.6787077351806809e-03
1.9135627091895074e-02
1.8415424838756345e-02
-4.9699531645400500e-03
-2.4965886059724565e-02
-1.9492188583142906e-02
3.0414510537105255e-02
5.0304888884453516e-03
-2.0065116685541503e-02
-1.4816715802342676e-02
-6.0319937777389438e-03
-4.0557254993972287e-02
1.2053930345365604e-03
2.8784981984523710e-03
5.5924619672200757e-03
-2.6131607852384824e-02
1.4182255785473368e-02
-1.0177829194999493e-02
-2.5019860352231863e-02
-1.1925627162876094e-02
-2.7666927265749038e-02
1.8618901065453126e-02
-9.5457299825341992e-04
2.1426732896506401e-02
9.5967457524131633e-03
-1.4304296634541278e-02
2.6571967359361398e-03
-5.4927467309941105e-03
-2.1341037566278198e-02
5.0505943487338138e-03
-1.4488799440013920e-02
-3.4258072507762326e-03
3.3592492428395536e-02
3.9352017275651012e-03
-4.8463529451619840e-04
-2.5028854431572149e-02
4.7448498764946761e-03
1.1226379434067195e-02
-3.2251954085344889e-03
1.0413529289293068e-02
8.8228022715730117e-03
-4.3167297007919722e-03
-4.6148813470834200e-04
-3.0584237081093669e-03
1.5742874730080420e-02
-1.3009033094200800e-02
-4.5039045420388453e-02
2.8077978466921694e-03
-1.1808969698756271e-03
-5.7185178414476939e-03
9.0885409617426501e-04
-7.8058108303137239e-03
-3.4150949622582298e-02
-1.7963926525189165e-03
7.1650174072414134e-04
1.1133311460588622e-03
-1.5718840491920232e-02
-2.3697407592103126e-03
-1.9906033504539091e-02
-6.2998704047845218e-03
-2.7173022583811836e-03
-2.2700809382847006e-04
2.5621084089844366e-03
5.8516820762178502e-03
8.9477171083011935e-03
-3.6378655176470907e-03
-6.9409226728150792e-03
1.3829312880264226e-03
6.9489554295191752e-03
2.0500451075055919e-02
-5.1282565942221514e-04
8.3853857089955710e-03
5.6773240856895597e-03
3.1471459417749719e-03
-1.8390884350094314e-02
1.3357751661861378e-03
-5.1371630484054473e-03
-3.1050488476694316e-03
-5.7676705444780069e-03
-1.5722321379642034e-02
-1.2432768811720618e-02
-1.9410077484154433e-02
-2.1835063280540537e-02
9.8538239319764329e-03
-1.4824278770608481e-02
-2.1235724123140211e-02
-8.2981240201142389e-03
-2.3087737772319660e-02
-2.6546169608558973e-03
9.2001738408941415e-03
1.3663210845219896e-02
1.9608129629134892e-02
-7.7983152104394880e-04
3.6293191008534686e-04
5.8639703294391188e-03
-1.5628186361885996e-02
6.3946144756011902e-03
8.4578415086658081e-03
-1.4971053837335199e-02
-2.0646796833320713e-03
-5.9278286036545816e-03
1.5449717713456455e-02
8.6392439208519828e-03
2.9826727021888914e-05
3.0809289351504299e-03
2.1363784248357837e-03
1.5362339444285866e-02
-1.0278946316674356e-02
2.6146406748105967e-02
-1.6357748973325641e-02
2.4925674876218707e-02
5.6712205094287572e-03
4.3425249949651818e-03
-4.7371908471705569e-05
1.1885238160243672e-02
1.7716023807189049e-02
-1.7069199235769838e-02
-1.4459434679787714e-02
-9.8473021376264350e-03
-4.8692154143038678e-03
-7.7058936640965522e-03
-2.1637812875536558e-03
-2.0745872311837651e-02
2.3213203479576826e-03
5.9623656674101600e-03
6.6687978316210439e-04
-3.4692528783283301e-03
-1.4664012999157131e-02
-8.5844882188583996e-03
-8.8501390422482396e-03
-2.7119919079839364e-02
-7.9955449731672797e-03
5.1276208076036743e-02
2.9488381880808330e-02
4.2864605999409734e-04
1.3655122825425945e-02
-1.3214119915678127e-02
1.0697746156114992e-03
1.3562009707580550e-02
1.6342097195565893e-02
-7.3354597759463279e-03
1.3342461518817173e-02
9.1948146649875814e-03
-1.8820276943893908e-02
8.1194710543735869e-03
7.3504203514672354e-03
-2.3886618561299606e-02
1.4797547352595686e-02
-9.1662920081353183e-03
1.0966582756506924e-02
-1.8771455934067066e-02
-1.9156009535041282e-03
1.9210451259630917e-02
1.2338836111089236e-02
-1.0953459735862099e-02
1.4965716503993715e-02
1.1074451660706350e-02
4.7627111903980699e-03
1.5578124575884285e-02
-1.1910705834519548e-02
1.8003960649481821e-03
-5.4534589545110868e-02
1.0575828234389888e-02
7.4681433265651959e-03
1.3187260737634193e-02
1.5508224963346598e-02
2.3908683831904944e-02
2.8068473568931213e-03
-3.9151660559520384e-03
1.8078946718519645e-02
1.8134834930845226e-02
-3.8546258692371427e-03
3.2482165017959877e-02
-6.8972838900981295e-03
1.3465975534627327e-02
-2.5056588759158636e-02
-1.5284260663434614e-02
-3.4803873470687988e-03
-2.3685657651219837e-02
-1.3229400773773629e-02
-7.9100646133111272e-03
-1.3944847458050386e-02
2.9291062858332511e-03
-1.1391807850108977e-02
-1.8235777473766746e-02
3.6811142957680022e-03
-1.4421133142888237e-02
2.5422131011250182e-02
-2.3678529337777445e-03
9.3688652698551214e-03
2.0447542362690869e-02
-1.8341659842814446e-02
-1.2422548564391378e-02
-1.1074582766596119e-02
-1.1601423625352196e-04
-6.7120417632331808e-03
-4.1650046346138432e-03
-7.7530387735481841e-03
1.4413788360239880e-02
-1.0777100298806911e-02
-2.9401367879852251e-02
-2.6443114969593763e-03
-1.2128130514457176e-02
-3.4747452041020100e-03
1.5211363541135003e-02
-1.7035767500431141e-02
-2.1105677240569293e-02
3.1841672281137040e-03
2.6430454169254058e-02
1.6769855563719700e-02
-8.3694324242838680e-03
1.3173585157636593e-02
-6.8586943585632193e-03
9.7989831296508099e-03
9.0145826360146994e-03
2.8529560012193457e-02
-3.5909363166364314e-03
-3.0063861935697650e-03
7.9137781410554674e-03
2.5223146313807739e-02
3.0458080901859932e-02
-2.1214799563210141e-02
-1.1457878957772758e-03
-2.4909306732599869e-02
2.0025473714165503e-02
1.3395119858835378e-02
-2.6654821362762380e-03
-8.9783020874414556e-03
1.0552714501032954e-02
5.6091672758979737e-03
-4.3323883457164012e-03
-2.2938064792014688e-02
6.0810739087932032e-04
1.3655310156225765e-02
-2.3747755912861050e-02
3.7717436067317830e-03
-1.1765739130554573e-02
-1.3917558672049041e-02
2.0977531305745749e-02
-3.6373225746239052e-02
-2.7244857498968038e-02
-1.0147284935688298e-03
3.0372931793679957e-02
8.4567214497103006e-03
-7.0458667145564561e-03
2.5237760585994501e-02
7.3158733520374006e-03
8.9443018729990862e-03
-2.8532824620857451e-02
2.4971755172403423e-02
1.2174071938380332e-02
-2.2432807733061624e-02
2.1420151340315122e-02
6.3092756811674502e-03
1.8952673327415855e-02
-5.1118656180162342e-02
1.4448291706756052e-02
6.4380688213298834e-03
-1.2463569086670514e-02
2.5946771256381874e-02
8.4747184787984549e-03
2.2116103167596026e-03
-1.9129226241167405e-02
1.4026244403412866e-02
-3.5592584070343103e-02
-7.8830479178897371e-03
-3.4630311615132275e-02
-1.0293165802346516e-02
-7.0541610073155533e-03
2.4612732777318312e-02
-1.8589648549163687e-02
2.1997571731116484e-02
-2.3283572308493469e-02
2.1765329367865158e-02
6.5938986833299976e-03
1.1209843558444421e-02
1.3478433280745683e-02
7.0288072736739140e-03
4.5910386800502891e-02
1.6531219306023595e-02
2.3181396738929345e-02
2.9849469840610560e-02
4.0533357280893856e-02
2.0700273232263479e-03
-2.0793479821204216e-02
3.9309873582830893e-03
3.8824307233708430e-02
-1.6671967307826201e-02
7.6710903362875926e-03
-2.1167520416433449e-02
-5.5932156463059206e-03
-2.4251222548810316e-02
6.7694538867841495e-03
-1.3281219831497090e-02
1.3850737925565602e-02
8.8771495575893870e-03
-3.4832485338755176e-03
-9.5200700569251229e-03
1.8006726143403720e-02
5.4548959999410175e-03
-9.9950316129688750e-03
-8.1254644051089731e-03
5.4658575242541646e-03
1.2123379312117315e-02
-1.3314510885098626e-02
5.8255231056382889e-02
-4.7888896579159658e-03
2.0088713500668549e-02
-5.2017011531299936e-02
-2.2922635884844854e-02
2.0401985047118466e-02
-2.7396145119450561e-02
2.4015651839197821e-02
6.5724129447646681e-03
-3.1373634847386922e-02
-1.4095349904254486e-02
5.8594272974653479e-03
-2.9488499464199951e-02
-1.8817393105869138e-02
-2.0905637671851284e-02
4.1318135063680133e-03
1.5679453454693241e-02
1.3333009220738977e-02
5.2574148700059643e-02
3.4116530539741993e-02
-2.9643990796375617e-02
-1.6906905936296252e-02
7.5510091453544800e-02
4.1086841656845285e-02
-3.6924356257257620e-04
2.5786753556247200e-02
4.9858258493382414e-03
-3.2245831495589433e-02
-2.1144784219744459e-02
3.8022348945882566e-03
-5.9224021946937655e-02
-4.1493275727675491e-03
2.9707506397648565e-02
1.0467856147694408e-02
-5.1758450153660540e-03
7.1014549396860869e-03
-2.4096539846450681e-02
-1.3264620048590560e-02
1.1286795727018250e-02
2.0886832518444538e-02
-1.7560528493525029e-02
5.0779868702799987e-03
-7.6021797588180437e-02
1.4315571814761969e-02
8.9203828514704091e-03
2.5462855322936122e-02
-9.4175205327203682e-03
-1.4942927881345203e-02
-3.2202318549937525e-04
-1.3368226074072231e-03
-1.5400532381750671e-03
9.2765091904079850e-03
8.7146637809666916e-03
9.0985397977503459e-03
4.6457744978720353e-03
-1.7687788264288525e-02
-1.7211695922010817e-02
1.9162611887811275e-02
1.8039334964280000e-03
1.4265348961476514e-02
1.8973612117328460e-02
2.1232261482707480e-02
2.4636017321061889e-02
-9.4787600620544754e-03
-1.0023536284876712e-02
5.0007651484033962e-03
-6.4686947143023851e-03
-1.9482011674005735e-03
4.2079653586470618e-03
-8.9365715732231937e-03
-1.2317803783826263e-02
-1.8750633529872284e-02
6.7104495514139243e-03
-2.7722178534898351e-02
-9.6240410076037621e-05
-3.5146792392758463e-03
-2.8016592764278959e-03
-9.0355561411433419e-03
-6.4318320974806730e-03
-9.4604214385733201e-03
2.9231265911255022e-02
-1.7629973208724538e-02
1.3491678862156896e-02
-7.7547144169769330e-04
7.2428556025698498e-04
1.3912605247268728e-02
1.0775786872235415e-02
5.2098612234988996e-03
-7.8353841644653137e-03
-8.0874836629657530e-04
3.0849912846177760e-02
1.8061038486279605e-02
7.1817081008941110e-03
-9.1415136167105095e-03
-1.2074730887392590e-02
-2.8599360481894022e-02
-5.3843710342007557e-04
-9.8401365311428166e-03
-1.1951489207901777e-02
1.7529267868524327e-02
-2.2026427104929927e-02
-1.8658369707068574e-03
-7.3929850943642338e-03
2.2395394739340758e-02
2.8258002586875643e-02
-1.0564311911221537e-02
-3.7605847457062719e-03
-3.1359238477175911e-03
2.3351698905385895e-02
-5.2059209175960193e-04
3.8608973506251056e-03
1.6527366591407352e-02
2.7180659087692668e-04
4.3232323850023917e-03
6.0975357957678954e-03
1.7791650172369076e-02
1.9640069055327997e-03
8.8692291564593188e-03
-3.2594442326138250e-02
1.9290710895767654e-03
2.3376763726960886e-02
-1.1181926780591310e-03
-8.4568780571356410e-03
-6.5827770132767579e-03
-3.8301335108508975e-03
1.6338690807587430e-02
-1.2162385056718249e-02
-2.3174793185485355e-02
-2.0192979926690106e-02
5.8998901055280460e-03
-5.5853723822313845e-03
9.2157054371171838e-03
-1.6253255122677859e-02
-6.5556034969113698e-03
-1.8333983630395845e-02
-7.0920825987504828e-03
1.7053425464815336e-02
3.3633837412399528e-03
1.2000502325191429e-02
-4.0503607242365625e-03
-5.2194585895007570e-03
-7.8841305852913757e-03
2.2536440160490700e-03
-1.9378943638710636e-02
8.3078589536648879e-03
1.5171256143752124e-02
-5.0993864931039691e-03
-1.0410489562226927e-02
2.2385605567316943e-02
2.9705876326275499e-02
-3.1128640720720562e-02
-8.5296518555740622e-03
1.4099012724289791e-02
-3.2930186019629402e-02
1.7533718461679410e-02
-1.4173048982313945e-03
2.5461666127492545e-02
1.6776464230639259e-02
1.8050187264715654e-02
3.9955972060893262e-03
-3.0682683324709760e-03
-2.2219137056755545e-02
-1.4269658720086953e-02
9.3005410094590107e-03
1.1746790829755226e-02
-1.2660244586334191e-02
7.5364333096751748e-03
-1.0119674584456576e-02
8.5332156552363203e-04
-3.5090443830209303e-03
-5.6474106229181869e-03
-1.1914140930842136e-02
-9.3875406412557288e-03
7.3084067317714281e-03
-1.3126750348682879e-02
7.8797440982554100e-03
-2.1738594759273554e-02
-1.8698749960105870e-02
8.8694062556891294e-03
-1.2449725348109999e-02
2.2459410507644955e-03
3.8918571856459304e-03
-3.6413780078351082e-02
2.2801498328588920e-02
-3.5771899633827500e-03
2.7474880532868652e-02
2.1567464890039568e-02
6.2142787506611888e-03
-9.9799655601854314e-03
3.4865728717393294e-03
-1.0850978583346355e-02
1.8492160236246891e-02
1.6459150711789963e-02
-1.5039814369617578e-02
8.0036361079272797e-03
-1.9207115126345712e-02
2.3096813679569363e-02
2.2203618132864592e-02
-4.2872946844905855e-04
-7.7223634831069836e-03
1.6004242564986719e-02
2.5358586760945458e-02
1.3356154266473770e-02
-1.4181689341921357e-02
-2.3485701566726313e-02
2.5350898720621472e-02
-1.5685600345033645e-02
1.0820985226049599e-02
-2.8299133648083171e-04
-2.8692858971121052e-03
-1.6608531984261253e-03
2.1497630988408134e-03
-4.3193876606358754e-02
-3.3735725911383969e-02
-1.8593433832933583e-02
-9.5344094480186280e-03
3.8467058270406182e-02
-1.3095893560406649e-02
1.9490381494944919e-02
1.4413359117255829e-02
-3.0311344761390531e-02
3.7798562678245645e-03
2.3711612026365143e-02
7.2138680088085615e-03
1.1841603055096723e-02
-3.5998642581055125e-02
-1.3983706234991021e-03
5.4565208818574212e-02
6.3067622578167190e-03
-2.6312454609785603e-02
-3.5932663512065983e-02
-3.5655478956054650e-02
1.7414087981035463e-02
6.9097571291468606e-03
1.4612263448962987e-02
1.0535321623448246e-02
-9.5136487882461433e-04
7.7258284231310143e-03
3.6579261380029872e-03
2.1679293982147574e-02
-1.6124442667341268e-02
-2.5320106778695436e-02
-2.3284712246982892e-02
-1.6358212352887272e-02
2.5463034177894674e-02
-1.0162511770133045e-02
-2.0014876983548383e-02
-1.7731476129861305e-02
1.4691551725933810e-02
-1.5585964421463478e-02
5.3966643670457738e-03
7.5660394821925429e-03
-6.0961414849158447e-03
1.6778026794722779e-02
-8.1370391789744988e-03
-1.8983293509748623e-03
1.6969407478395543e-03
6.6097336297350527e-03
-6.2851019918173656e-03
4.6665168156413174e-03
-2.1590213100538950e-03
2.3127333357059212e-02
8.1759008029268759e-03
-5.3080200945437982e-03
-2.4490678082495609e-02
1.5174462925127219e-02
-1.3147411882023384e-02
1.6711100318575221e-02
-4.3492121760075860e-03
4.8593670007601401e-03
-1.5191191816888017e-02
-3.5030442597912817e-03
1.1216408459305176e-02
-2.1370905749372691e-02
-9.7744160220999293e-04
-3.7071629802236020e-04
3.8466254022144178e-03
-1.1370697350807346e-02
-1.3088947442883058e-02
1.3031840656616157e-03
1.5240239482638368e-02
-1.8969588201549945e-03
2.8731275529833095e-02
4.9597661312886050e-05
-2.9937308795207496e-03
9.9953233148632106e-04
2.2062839988464976e-03
-3.8333792095863913e-03
2.7205916519957522e-03
-6.7264810544735354e-03
5.6736516535908447e-03
1.3850045137815902e-03
-2.3764877867376799e-02
7.8599143749557149e-03
-8.4877232338200041e-03
1.8466644935339321e-03
-1.2493188786441510e-02
-7.0709997585712472e-03
-1.0541747907282727e-02
-1.1018903465756874e-02
-2.6452887058200442e-02
-4.5934215568213185e-04
2.8538341539644440e-03
-4.9349156666212710e-03
1.8116858520654235e-02
-3.4937344685814949e-02
-1.4912775792030247e-02
-3.4345105502812952e-02
-2.7483043903977784e-04
5.1374084996108384e-03
-6.8999586729594602e-03
2.4295324339718236e-02
2.1852630848356185e-02
1.4401547002668848e-02
5.7298217674328624e-03
1.2904372110223043e-02
-7.2818268908508696e-03
8.2035081706272345e-03
-1.8910709356519687e-02
-9.0967354056331400e-04
2.8942984469434503e-02
3.2033516267462366e-03
-1.0139776278734887e-02
-1.4291172152443613e-02
6.7434737816416471e-03
4.1931470725134305e-04
9.4160932543678067e-03
-1.2689961286556686e-02
-1.0524806349505901e-02
-8.1212864946810810e-03
4.1026843349120032e-03
-1.9707942442299875e-03
-2.0725991450303256e-02
-4.7662937460175711e-03
-2.6683998614975505e-02
-5.1833732028984773e-03
-1.7035823997381594e-03
4.2785514421292102e-03
1.9764737934552509e-02
-2.4938600770518751e-02
1.4664815931057489e-02
2.0914527611257192e-04
9.3678582323607189e-03
-1.5410548560336648e-02
-1.0956632036187047e-02
2.0253711700382666e-02
5.8098878958230994e-03
-1.0604422185391645e-02
-1.7600879780292164e-02
-1.2775481433555252e-02
1.2986260846519286e-02
-1.6592258336097353e-03
-1.8784646020645883e-02
-1.6080875198006699e-02
-1.0758722208457555e-02
-1.1814643933279485e-02
4.0976400571096180e-02
-4.4273455878896521e-02
1.3466438598527405e-02
-3.2214691707215019e-02
-2.8298297783623690e-02
-1.3035528778930184e-02
-2.3392854491405466e-02
3.8910580530572947e-02
-6.9116675339144992e-06
-1.4441829942526879e-02
-6.3811690600486491e-03
2.1191059338936755e-03
2.5773040330364899e-02
1.8411944891285302e-04
1.0373245168673198e-02
4.2865568305918061e-02
-9.7269026997731222e-04
6.6439769682223926e-02
1.5637290269226917e-02
2.4659475701289763e-02
2.3583876280168579e-02
-5.2562272085402992e-03
2.4621993518875182e-03
-1.1055185291844738e-02
-3.4398633844827803e-02
-5.8284502902093346e-04
2.4422905484674439e-03
1.2176986510363566e-02
-4.3895699609218224e-03
-2.3283427068471595e-02
-1.3040640306854924e-02
3.6237076876176849e-03
-7.0501135703388961e-03
6.3019549255676471e-03
-1.9564167246144147e-02
-1.0232103022196459e-02
-3.6422410750060814e-02
3.6866450480645227e-02
-3.2747817963058316e-03
3.8835524074660746e-02
-1.4876944152997965e-02
5.1506348278965355e-03
-8.1013807512826073e-03
-4.1430383631634524e-02
6.7561589134930876e-03
1.4592812155298472e-02
-3.5859067914429808e-04
-4.2918249030599050e-02
-1.6981941584194866e-02
-5.4084331912693370e-04
-1.5792617810291409e-02
-2.9344383146795244e-02
-1.7593733201134297e-02
1.7693054135445977e-02
-2.7163160464614779e-02
4.6914233146747811e-04
3.4149620919383124e-02
-1.0508654156411775e-02
-2.4663845816305700e-02
-3.4847427363877942e-02
-1.0039859749791592e-02
-1.6095949187270801e-02
-1.7453918112038842e-03
-1.3586559569445409e-02
-1.5691438996512465e-02
1.7577742115037581e-02
2.4807958587261841e-02
-1.9070809408546604e-02
-6.4640138146331294e-03
-1.9602706219371640e-02
2.7991543868746298e-02
3.0034471226938041e-02
1.8606102784362318e-02
1.2032998543081340e-02
-3.2853027085571664e-03
1.9620911262887928e-03
1.4403252335883052e-02
2.0021350398985178e-02
2.7707814538805185e-02
5.8840425555671877e-03
-1.0534405622170308e-02
9.6663318293817562e-04
3.5037139754884672e-03
-3.2345931119082343e-02
2.1328811612794908e-02
1.4063577858449245e-02
2.1461560100187876e-03
2.0839824852795709e-02
-1.5231346841599129e-02
-2.0792829768371372e-03
1.7694429418734614e-02
2.5684336329739071e-02
-3.3982173226687368e-02
1.3296131623083740e-02
-1.0132120257516340e-03
1.1459332903324003e-02
3.2269640517038151e-02
1.3551091200675195e-02
1.2080190773484283e-02
1.1323087993907350e-02
-7.7169461983905160e-02
2.4998599027201751e-02
-6.7796677134004226e-03
-5.8831484496167513e-03
4.1290929823479150e-02
4.3363739083279416e-03
1.6362767061044985e-02
-2.9149777506965548e-02
2.7710313108368599e-02
-5.9336656475442616e-03
-6.5462340166408204e-03
-2.9839391001362230e-02
-5.4809491932055199e-03
-2.7389971605837234e-02
1.8592769405442768e-02
-2.7837949919883132e-02
1.1245528118587532e-02
-3.1063864371758350e-02
5.4318783064775302e-03
-8.4428585988209712e-03
1.1819889526483138e-02
6.4273088635508110e-02
7.0721537528857835e-03
1.3391203978802037e-02
2.7078648965879890e-02
1.9335052352554304e-02
5.6609059136705237e-03
-2.4495876677867390e-02
-1.5490578867467433e-03
6.4689228182802996e-03
-3.0946215821748987e-02
-1.7711971348367318e-02
7.4108264317974647e-03
5.9339055114071516e-03
1.9684339077117877e-02
-1.0386111188989040e-02
3.0239723319392196e-02
-2.7747639239601961e-03
-1.1055567347092557e-02
-3.2931674045152862e-02
-3.4317868416409514e-03
-2.1685644859492027e-02
1.8114753997035507e-02
4.8428544015645232e-02
2.3689095802027185e-02
-3.0111044528458648e-02
-8.8438367778263609e-04
4.6724411678403417e-02
2.9916081839541721e-02
1.5653862232876500e-02
2.6576811333767134e-02
6.6087920668861974e-02
1.7612614678612897e-02
-2.8578900226657634e-02
3.3933493932844186e-02
-7.0084409384584311e-03
-1.0266007414526882e-02
1.6856113274287678e-02
2.0074102533804702e-02
3.2234609471587836e-02
-1.5713390170330865e-03
2.2461779015528191e-02
7.5484174655003379e-03
1.3283518056003314e-02
-8.4137839976606982e-03
-1.0022804146395002e-02
-2.5484293851110194e-02
3.0325559676078966e-02
-1.2362017597590598e-02
5.8536871687299985e-02
-2.4687419251927634e-02
-8.4626998141622195e-02
-3.4530446944970594e-02
1.3365512247587343e-02
-1.0849989534147961e-02
5.3606601388342362e-02
-8.5490432787906317e-04
-2.4441969391979387e-02
-4.1964733063337666e-03
-1.9970818795024381e-02
1.1228185795264953e-02
-7.5831192787669619e-03
-1.7579546441154573e-02
5.7219482392712795e-02
-1.1408815598105276e-02
-7.9058577818063806e-03
-2.0203795084445964e-02
1.3116009082402350e-02
1.3821104192782287e-02
-1.6852362985384398e-02
-3.3438105824962303e-02
-1.4890351667348515e-02
3.9508123498084656e-02
-1.1137269310278919e-02
-2.6908463961821866e-02
-2.5051412673346908e-02
-1.0991531578914120e-02
-2.9648753061963847e-02
-2.0300460021971049e-02
9.0022403250533314e-03
2.4329122283924656e-02
-3.2903171388181579e-02
1.5072514807235898e-02
-1.0805296630928224e-02
-2.9258454874577976e-02
-9.0134214911985009e-03
-1.6000664818581763e-02
-4.4950538724889098e-03
1.7608373703189859e-03
6.2974826529459075e-03
4.7807678439841662e-02
2.4046764074030072e-02
3.4622613057008009e-03
1.2066611864028373e-02
-1.0026729569144639e-04
1.7739991431988518e-02
-2.0767974713099106e-02
2.2330919031109144e-02
-1.5165161692419576e-02
-3.0953995847789011e-02
-7.3522177035064409e-03
4.2546387724577790e-03
1.1976126076714243e-02
-2.7408259852224261e-02
-3.1124382852401395e-02
2.1986820544246416e-02
-1.2419581797987352e-02
3.4449493938839121e-03
8.3621341875508536e-03
4.8882360224146576e-03
1.1122031059185123e-02
9.9505004164630656e-04
2.0240359649220840e-02
1.7962055967890394e-02
-3.1841545572596074e-02
-2.6129469083420991e-03
-3.4519476864790614e-02
5.3540421289428545e-03
-9.6846266652919639e-03
9.1046663811933416e-03
2.2170603349662601e-02
1.6026201049771351e-02
1.5730430579697838e-02
-2.9427389478191679e-02
2.1614408619529527e-02
6.1846611399714209e-03
-4.4487929053514596e-03
-3.4015334925601506e-03
-3.1830825582544596e-02
1.2880945238006845e-02
-2.1683998804543032e-02
-5.5890320298393019e-03
-1.8962570984807504e-02
5.5979555714889290e-03
-1.3851188921626036e-03
-1.0016847790048359e-02
-1.8319199381487048e-02
-2.1744003590493284e-02
-1.2271596482131735e-02
-1.3232117029234176e-02
-1.8281478441490671e-02
-2.9562370322632724e-02
4.2670812917268167e-02
2.7657217029706398e-02
1.5529513034506216e-02
-1.6374365793807837e-02
1.3271221205746838e-02
-3.5362751686715647e-03
8.8561641872569995e-03
-1.4795686717328586e-02
-7.2878867566263140e-03
6.4826489448900307e-02
5.7466825869017885e-02
4.1970934193621672e-03
1.0531417225779251e-02
-2.1966480797065233e-02
-4.6173685452656392e-03
2.5054436476593958e-02
-1.0739108816483134e-02
-6.9526684608741309e-03
-2.5672555802753832e-02
9.9785581177722401e-03
5.3272056865262037e-03
-4.0339080228989251e-03
3.0474064301973015e-02
-5.0139818838780936e-02
2.3727621423704813e-03
-4.1621517725323673e-03
-1.3954614431823737e-02
-3.8629614945759148e-03
1.1212357734641477e-02
1.5355055455915317e-02
-1.5201506194966961e-02
1.2165946806366186e-02
-2.2476756263475117e-02
-8.5128767954168686e-03
1.2427067050183805e-02
-2.8091380664944401e-02
9.9595633384114268e-03
1.9997322292889712e-03
2.4148249755151781e-02
-1.8916417921871601e-02
9.9612403652233825e-03
-2.5536786807877559e-02
-1.2701849241549282e-02
-2.1744399354008168e-02
-1.9986310618913414e-02
-1.1015705685632295e-03
1.3444775262231706e-02
-1.6069741237055075e-02
6.6083232507790418e-03
-1.9831511453944805e-02
-1.6084103272537580e-03
5.9899974446255529e-03
1.2018425587904752e-02
5.4323280085931003e-03
-7.0226673158755382e-03
3.7569046291674221e-02
1.8058736494152726e-04
-3.9328407158506566e-04
1.4951397036822166e-03
5.6287935978962065e-03
-5.6525574423855595e-04
-5.9805856329854367e-03
-9.4516138209493721e-03
2.7167015242045883e-02
-2.8379625338652268e-02
1.5202359908352047e-02
-8.8866776431109334e-03
-6.5362984242103963e-03
-5.1431274836216678e-04
-3.7477993523742275e-03
6.8621736164482250e-03
-5.0272618808301257e-03
-9.0384078022096911e-03
-1.7293084411563204e-03
-2.3362948592263160e-03
4.7822001183647029e-03
1.2054772561961158e-02
-3.7492477604037476e-04
1.3419996524776058e-02
5.7528267554014505e-03
1.0716483807738724e-02
-2.9994201103250382e-03
3.0382412488821078e-02
1.1490693148194136e-02
1.1680910436022825e-02
-2.7760127487597805e-02
-2.4745055171321768e-02
2.2931835258689377e-02
-1.1448046123652680e-02
2.5418992080690789e-02
-1.7350924051792345e-02
2.3852241204344979e-03
-4.3641304126907730e-03
-1.0032546966725018e-02
-2.9966111334731500e-02
-1.8928509308760437e-02
-1.4405755526586243e-02
-3.1556733822782110e-02
1.2853411232060831e-02
2.0361360709731918e-03
4.2130890451130242e-02
9.4379048775762378e-03
-4.1648906481336109e-02
1.6395709283253889e-03
1.5214065600149530e-02
1.1945933297656653e-02
-4.8665740394611082e-03
-7.0362840764937058e-03
1.7068118931601009e-03
1.4587608696658920e-02
5.9420906195032158e-03
-5.9794092805354557e-03
-2.9650411599051515e-02
-1.5321009518585803e-02
1.5889718162285963e-02
7.3678022570170679e-03
3.0680728136072526e-02
1.1131275758356486e-02
-1.2248288560326569e-02
-2.9259513887337145e-03
-8.7091970498792606e-03
2.2809765716940517e-02
-7.4772984842119495e-03
-1.2200735699605426e-02
-8.2718135076514394e-03
1.0552741579909672e-02
2.9040896559141237e-03
-1.3457027833196787e-02
-6.9660791721818695e-03
-1.1529535218148979e-02
-4.3206677913886493e-03
1.3915319713067038e-02
-2.5546125952644005e-02
1.3497350745539599e-02
2.9617404067561033e-02
-2.7972198999174748e-03
-2.1724370481543184e-03
2.3359161775406211e-02
-2.8611514122334855e-02
-1.9826056851899622e-04
-1.1159018152962760e-02
-1.7957000932913483e-02
3.6945290211914568e-03
-4.5354921226130971e-03
-1.1355107423693007e-02
-2.9716797863943590e-02
2.3075776615915262e-03
2.6184784920900168e-03
-7.4215760027767207e-03
1.2393198890690241e-02
-1.8611258131435129e-02
1.4178047514658329e-02
6.7266074317313979e-03
-9.1567511712740395e-03
1.6573902104899680e-03
-7.8061915626278320e-03
-5.6293267691427760e-04
-1.2676340348485826e-02
4.3770773413316704e-03
4.7182214470570812e-02
-2.1582868558658640e-03
7.1006291901465329e-03
8.7469240367255476e-03
2.4851695708305237e-02
1.8424604072035836e-02
-1.2267728695812342e-02
-6.6932096417371481e-03
6.7855405311348371e-04
-2.0596047040665394e-02
-2.5871241803929418e-04
8.6352909338406648e-03
-3.2670683425763368e-03
-6.4254291340796821e-03
-1.3617877861232922e-02
-5.7214052263489714e-03
8.8400516372715652e-03
5.0530197490439186e-03
-1.6707000805167328e-02
-2.2171151493091787e-03
-4.6870819055775462e-03
2.0732559157236725e-02
1.8042309385657401e-02
3.2373262151501374e-02
-2.6456807852554103e-02
2.8899169209648051e-02
-1.4716512852788606e-02
1.1778037997652150e-02
-1.5338050882521082e-03
-8.9630643305868372e-03
2.1512299968238890e-02
-1.3239593425859737e-02
-1.6749570652965489e-02
1.5364295664577865e-02
1.5109392938498436e-02
-3.5881654054470018e-02
1.4648680051950152e-03
2.1780464145963641e-03
3.0045383758137253e-02
2.1672565285251718e-03
1.3324981481518545e-02
2.8710238191780927e-02
2.6334944345342205e-02
-1.0846744200940917e-02
2.6759864989117622e-03
8.8665417179069998e-03
3.1619129531009905e-02
6.1395890426677487e-03
2.1370196275219935e-02
-1.9355267628440084e-03
-4.4008391683250020e-02
-3.2708533552952617e-03
-2.7660095798886401e-02
-2.6638598663633231e-02
3.4038349158393294e-04
-7.2553588036102495e-03
-1.1412739942115706e-02
-2.3033330432205842e-02
-1.0272581393999487e-02
-2.2757054250511347e-02
2.6725817592658662e-03
2.4945989658891228e-02
1.8652786638473681e-02
1.0570015686159182e-02
-1.4649027449609582e-02
-2.0733493134575190e-02
7.3924015223849129e-04
1.2586197028937731e-02
-5.6474229874167699e-03
-2.7571414188205474e-02
-2.8910202512989296e-02
7.5574440638815077e-03
1.0164201041885063e-02
-1.5133602509884119e-02
1.3204272335745251e-03
1.1631555106423098e-03
3.1043502712408237e-03
7.3571435269422321e-03
9.1148105220576446e-03
-1.2312039451675069e-02
-5.3658828680374490e-03
1.9708071429265124e-03
-1.6483419895252274e-02
3.6282271718729052e-03
-1.3914513570839730e-03
-3.7493372566202322e-03
-1.1353844335244879e-02
1.4290559652112818e-03
-8.8669341761274320e-03
9.8020552064973752e-03
-2.3684568839262832e-02
-1.4669988183119219e-03
5.8023406428717606e-03
1.6467725326081383e-02
-7.3474728652938616e-03
-5.1887880403287193e-03
6.8733752379762925e-03
1.2669391321937604e-02
-7.4338363618463759e-03
2.4276818418640801e-02
4.5329864029365521e-02
8.5706717104296979e-03
7.0010806579716960e-03
2.0850543419823793e-03
1.7417621175282595e-02
-1.8399912210573515e-03
-2.7790205346077098e-03
-3.9469364719376919e-03
-9.9810436153150318e-03
-2.1107781044880768e-02
3.8543127194060572e-03
1.2163290988850911e-02
2.8772037353646312e-03
6.4386135296535824e-03
-8.8266810559712722e-03
1.2487450420631954e-02
-3.5676061839531523e-04
7.0869563567781332e-03
4.0673815847658435e-03
5.9567336066264484e-03
-4.1883096122906898e-03
2.0846051180356366e-02
1.4197661395831708e-02
3.8658542047995043e-02
-2.1811619301146529e-02
6.9727585915964081e-05
-4.1646954488865134e-03
2.4911751260678870e-03
4.9882412497274584e-03
1.2322940176328259e-02
3.6716749853932418e-02
-3.3991239757893942e-03
-2.4907273743099746e-02
-6.5764658665426520e-03
-1.0182695878678455e-02
-3.3235145423422818e-03
1.0514786257221123e-02
2.5110214476725566e-03
-7.3156609930404865e-03
2.8202717902245733e-03
2.1042809778372314e-02
3.3286740925433246e-02
-1.4431386443152507e-03
-1.1607883682382407e-02
-1.4729847403963454e-02
9.1057290547442264e-03
2.3441199502973790e-02
1.7784784978591315e-04
3.6449157969307769e-02
-5.7371293411142901e-03
-4.4098942555293327e-02
-2.1291269084982384e-02
1.6494281351522564e-02
-4.9377446522129087e-03
2.7183464530707864e-02
1.4598558083612859e-02
-1.4626625458188122e-02
1.9959466400915273e-03
6.3144214292249635e-03
-1.7823841794111277e-02
-2.1011384284990994e-02
-8.7065561375391821e-03
1.9965226006036386e-02
-2.0490844840424800e-02
8.3537005535079811e-03
-2.1658292493056355e-02
2.1328976283793540e-02
-1.2576158586123199e-02
-1.7799421578343420e-03
1.9718836845677786e-03
-6.2285031074052278e-03
5.2168612764887032e-03
1.4893491126867157e-02
-3.7274268045038556e-02
-1.4681115920890336e-02
-3.8865313843822816e-03
-2.0173132222001403e-02
1.7137284427873409e-02
1.9967053880695626e-02
2.4340880934782694e-02
-2.7295716218714898e-02
4.9878364801576392e-03
-1.6380041532929601e-02
-2.2473528164788027e-02
-1.9048378565732473e-02
-3.2080863722312773e-02
-1.7644388799210542e-02
1.5216757727052964e-02
7.2251731669513647e-03
2.0627327248304662e-02
-8.7355728398214472e-03
-1.8808843034459202e-02
3.4161197960878041e-02
-1.4683912484624645e-02
-1.1371924366619896e-02
-1.5828149557185582e-02
1.9296715722832709e-02
-4.6616296292823602e-03
-1.8235901639551296e-02
-1.2570229333370899e-02
1.2987362771035108e-02
-1.2830063844027266e-02
-2.5680664749108901e-03
-1.1867230071974646e-03
2.2624020095711458e-02
-1.8734864231908194e-02
3.2731558193794377e-02
-2.7061272586346077e-02
-1.2850311252755264e-02
7.1987817938973242e-03
5.5016059189103815e-03
6.2710535939255281e-03
-6.0120618997948410e-03
4.0124223243362643e-03
1.5469484347009174e-03
-5.4070453290560178e-03
8.1524252179729275e-05
1.4980300246863972e-02
7.0999192412371610e-03
2.3450005202096488e-02
1.8267810469825177e-03
5.4329550841035841e-03
-7.1409314648408304e-03
3.2518800214947415e-02
-5.7780632673073576e-03
1.9176213327075212e-02
-2.1735743702729300e-02
-3.3960307514628488e-02
4.2734053640483315e-03
8.8952819744345830e-03
2.7735378097062415e-02
-1.8406423519627558e-02
-1.2836815950990585e-02
-1.2712891643269542e-02
-3.4970129187197677e-02
-4.1319296412431497e-02
-1.0460024027942969e-02
-4.4065185136934557e-03
-3.3730240845881151e-02
1.1671035109202215e-02
1.7107990658697204e-02
6.4900968502352746e-02
5.9945335136162301e-03
-3.3654619927942227e-02
-1.7228916837215742e-02
4.0889179117526042e-02
2.5757408210040366e-02
1.6768913566162079e-02
9.8284628146317419e-03
-5.3139828536803140e-03
6.5172682328852368e-03
2.4115913635398408e-03
-1.5015188740641932e-02
-2.6533798704777983e-02
-2.5125918802368471e-02
3.0959399280549426e-02
-6.6126029840809075e-03
6.2114225105726400e-03
2.2608599868826584e-02
-3.1797134147800131e-02
-1.9719608022473280e-02
-5.9731920381212401e-03
2.3208055266412020e-03
-2.0693079485151335e-02
7.0067675641285318e-03
-1.0961957855393974e-02
9.2017331506263501e-03
1.2709881890489985e-03
8.5699677734573654e-03
4.2466388676346851e-03
2.2354852510133067e-03
-2.5825312958925348e-02
1.2768727234882260e-03
-1.2909282387041771e-02
-2.2918251400812245e-02
-4.5817664561148143e-02
-1.3555869772393793e-02
-1.7679971790653039e-02
1.1311299041354129e-02
3.1690956682180915e-02
-5.8324205389788372e-02
1.7981577287357600e-03
-3.1070905762714426e-02
-3.4795148479370562e-02
3.5426978308580881e-04
-2.2716676528804547e-02
1.7896197776396984e-02
-3.0519679087370488e-03
-3.3774546501549054e-03
3.0309837061648956e-02
3.5361856464750790e-03
5.3640290281213735e-03
-1.0305844492593218e-03
1.7214970327346452e-02
3.8543828633944316e-02
-6.3081367957392573e-03
3.2837875981418727e-02
2.0801230970830674e-03
-2.1351335677269555e-02
2.4666589314018321e-02
1.0546654477467060e-02
1.9607576484741953e-02
-3.1475938305612926e-02
-5.2161877885819857e-02
6.4733730021628855e-03
-1.8240561874721700e-02
6.4126360613238715e-03
1.9378904320678171e-03
-1.9953410490027381e-02
-2.0359416704326099e-03
2.4154029661737249e-02
1.7170699332604809e-02
-5.6859441400488979e-04
-3.4643276204825338e-02
-1.7699195878108087e-02
-1.5000639905867367e-02
2.1742218467216343e-03
9.6877384077611248e-03
3.5418893477694176e-02
6.1198848794002279e-03
2.6896436836716404e-02
2.1657938561854360e-02
-3.2193647456770280e-02
4.5687539963191082e-02
-4.2097120357525355e-03
-6.8746394807311798e-03
-2.2724643844360758e-02
-2.6959348291346885e-02
1.3983876851107318e-02
-1.1097781057821131e-02
-9.6943931309927903e-03
-1.5065407362977410e-02
-1.4513113804919771e-02
-1.9207349927713380e-02
-1.7011213058870888e-02
8.3648054110857639e-03
-6.7373060426869488e-03
-3.0149709581594610e-02
-6.0999465449391985e-02
-1.7673161616552614e-02
-2.2391442484725049e-03
7.5559327205800803e-02
-3.3177973914627944e-03
1.1394809151655718e-02
-1.8897110537395938e-02
2.1038928122217096e-02
9.9256837746639157e-03
-5.7207689987187598e-03
-3.1566177033810733e-02
1.8932871827043112e-02
5.1614704915528969e-02
3.6828160501613368e-02
9.4885722138659551e-03
3.2271671010260274e-02
-3.0461450857425625e-03
2.6617512498972262e-02
1.8736494648896464e-02
1.3001241273936138e-02
1.7083287060637845e-02
-3.5783589811533810e-02
-2.7573426158541747e-02
-2.5144533296276708e-02
-4.8419410371042922e-02
-1.0818374095908429e-02
5.6698649654354357e-03
-1.0354946253068157e-02
2.4087387581665200e-02
-4.0344768792495156e-02
7.3801650678420863e-03
3.7549016355575199e-02
4.1390716277815959e-02
-4.0778350595170709e-02
6.1143518760544135e-03
-1.5219783692488916e-02
3.1007643663117828e-03
2.6801719738860407e-03
-1.0050145852057808e-02
3.3409941290890319e-03
3.5236882105074696e-03
-1.6106630209275562e-03
-2.3698570918690539e-02
9.1597205839871205e-03
-1.7862544530642274e-02
-6.0164078179656463e-03
-1.2193452277652386e-02
-1.1279624733499884e-02
-1.0532042783185935e-03
1.8146563988178790e-02
-5.6770827221861364e-04
9.6178106602711668e-03
-3.4871858886702484e-03
5.7838693470873845e-03
4.2437123952744227e-03
1.7123983250221199e-03
3.9223126968740678e-03
-6.0637743074442381e-04
2.6948597159056099e-02
1.7021334754174380e-03
5.8201439335588481e-03
1.4808299736009561e-02
2.0664569936483187e-02
2.2266635650759984e-03
-1.2093275084400619e-02
-4.7982600374517313e-03
3.1580188155322752e-03
-4.2122556888932895e-03
9.6438242982961834e-03
-8.0116860220234686e-03
-5.1859577327570752e-03
-8.0977852096707093e-03
7.9730802416092851e-03
-3.9303414514529952e-03
1.1720437404088379e-02
5.9108032269172359e-03
4.7601625646942415e-04
1.7252534151006088e-03
6.6244947944503439e-03
-8.7443081438282316e-04
-3.5699451968740021e-03
4.0305525514937003e-03
-2.3896910933701413e-03
4.0610792418598754e-03
4.4820010551779085e-04
3.2317349883742935e-02
-8.5963114415372934e-03
2.1558738314468363e-03
-5.9559040399286417e-03
-9.6276024493893286e-03
1.6084775151243232e-02
8.8181931823857734e-03
1.9717666464311650e-02
3.8744931599334394e-03
-9.7402017788617255e-03
-2.5544137900145821e-03
-1.1978127209820617e-02
-1.4570745812627788e-02
-4.5529538393677144e-03
-1.0078255392980325e-02
-7.5286255862445691e-03
-2.4770405325396415e-03
6.3988739395897647e-03
1.7954823476636343e-02
1.4061439200653148e-03
-9.2861227144102176e-03
-6.1858213637117814e-03
3.1883269813431828e-02
2.0043639839052517e-02
-2.0695383516667375e-03
1.8323810368378289e-02
-3.5468621700220763e-03
-1.0425874649758636e-02
1.4410463698102357e-03
5.8610821450777503e-03
-1.1533106937192042e-02
5.6221821650216126e-03
1.5858693733396653e-02
6.6900056086421911e-03
6.4940109951861173e-03
4.6284465800503606e-03
-9.1393718421911869e-03
-8.4199683717352293e-03
-3.9867225678606420e-03
-6.8646848781891870e-04
-7.8596376198323825e-03
1.2636888494447430e-02
-2.0024137180907200e-02
1.1563668558538355e-02
3.6880464471301046e-03
5.1161807689169229e-03
1.3607786805396559e-04
1.5597596217114864e-02
6.6257675472798302e-04
-1.5992336292885712e-03
3.7024722168428177e-02
8.5503476934550883e-03
-6.4213211795842995e-03
1.1737971990572402e-02
-2.2578979456646591e-02
-4.6903424297821553e-03
-1.3712380497293130e-02
1.2063817472055642e-03
-1.6443579205676951e-02
-9.5945606600375769e-03
1.1208509011848899e-02
-5.8424586782940598e-03
4.3464019813712635e-03
1.4972050999694564e-02
-1.8929195196153098e-03
-1.8280969702203966e-02
-1.0435402014238575e-02
5.8891389543813226e-03
1.2580685677182402e-02
-3.0174333862437799e-02
2.6860968393957102e-02
2.8603721703623766e-02
1.1246496517759075e-02
1.4076550205169095e-02
2.0040117581391331e-03
1.9807068942086808e-02
2.3976798809277257e-02
2.2051547792043172e-02
2.0098514894303161e-02
1.5455208808267392e-02
-3.0961742084631132e-02
-1.8748358545728802e-02
4.5492628054270394e-03
-3.1339115079997024e-02
2.9040579230041681e-02
-5.7205939682900865e-03
-9.7458397547430971e-03
7.7729915838313669e-03
-3.2285705706990033e-03
1.3447087123886422e-02
-1.9495148548448402e-02
-1.6074232131885247e-02
1.4071482645759425e-02
8.9235864900782981e-03
-9.1902948270285462e-03
2.2254563607103033e-02
-2.2680304531342760e-02
1.4862243256126222e-02
1.1767896692518751e-02
-6.2427103130910941e-03
-2.2822153379642232e-03
7.1983622218998056e-04
-8.4342404845934183e-03
5.9438795406388835e-03
5.4797489843798081e-03
5.9524270557539446e-03
-3.8118461747904727e-03
-1.9458779561090642e-02
4.8971803451192293e-04
-3.5420607097333009e-03
-9.6786278018930064e-04
9.1760723817518978e-03
4.1281418008396090e-02
4.3772949223259148e-04
-7.1434475899027480e-03
1.1809369592524228e-02
-1.0758583056298017e-02
-1.6460151769893908e-02
-1.9768435061588312e-02
-1.6257629965931410e-02
1.1514801624375740e-02
1.7258251047887592e-02
-2.5244235364161642e-02
-1.2649983151326896e-02
-1.8861095326183849e-02
-1.3540111861496009e-02
8.5650894394829619e-03
3.8094801802619213e-03
2.1379528953347087e-02
1.3927298501659012e-02
3.7433633432359677e-02
4.1149472302427818e-02
-2.6862763228928275e-03
3.0522993094270418e-03
9.9857949145778467e-03
-1.9585272477203541e-02
1.1426246010400955e-02
4.2076601079752852e-03
-1.3824200573870488e-02
-2.8034915546716818e-03
5.9898592862934431e-03
3.0938399008445874e-03
2.7769262508052228e-03
2.2209883963173225e-02
-1.0837776779733240e-02
-2.2147417446010335e-02
-1.2995870767836181e-03
1.7100113203899862e-02
1.1500359717686504e-02
8.0408619950198372e-03
1.3600927978320985e-02
-1.3448902050760601e-02
-2.7203016201659359e-02
3.3550607984601812e-03
-3.9145477057399188e-03
-1.2655420432769448e-02
-1.9522310035506620e-02
1.2333201342662687e-03
-6.1043419957536567e-03
-4.6548531189431371e-03
1.4217274085045769e-02
9.6359307769578965e-03
2.2345603386031570e-02
4.2053762766274105e-03
2.0498898558439132e-03
-1.2079249973034454e-02
1.1299337720185394e-02
-1.7394587109735207e-02
1.3541724376887098e-02
-4.2047319802264102e-02
1.7124679680382063e-02
1.2071331463268282e-03
4.8561027236403206e-03
-1.2448460984597509e-02
-4.4214772466822320e-03
-1.5588564523537811e-02
1.9134239433045347e-02
2.8705596590353991e-03
1.9067569625290607e-02
-1.1593203638030243e-02
-1.8928361646835951e-02
-2.4278609501513906e-02
-3.4360431201727465e-02
-1.1725302508466196e-02
2.6095580359113111e-02
6.5664304155600706e-03
9.9828402402128303e-03
1.2989040455522334e-02
7.5778998174421217e-03
1.3796918575167648e-02
-9.1186583211215581e-03
6.5054170304324633e-03
3.9900491662903770e-02
-1.9542021627671588e-02
-4.9030089470278202e-03
2.9403777428279121e-03
9.0621166677725285e-03
1.7117257304334721e-02
2.0035897782938083e-02
1.0844928480825248e-02
1.2160352083330283e-02
2.6275747973981238e-03
-2.2060911582972430e-02
3.3396803410659912e-02
-3.1060519251203955e-05
2.4446700167124233e-02
5.4182943387783835e-03
7.3335535070836021e-03
1.4698852167112825e-02
-1.5986026108106680e-02
2.9493012070882420e-03
-1.0130609301008765e-02
1.1360689292113979e-02
2.5763089766084888e-03
-2.2597409490661734e-03
-3.2401363882957203e-02
-9.1764233830558782e-03
1.1026409780083659e-03
1.7093062067645753e-02
-1.1265172637174272e-02
1.7391341312830131e-02
-2.0304992327051036e-02
-2.6289657390720877e-02
1.7217359986165344e-03
-2.4615977448429197e-02
-2.0295973188571344e-02
-1.2477536195839066e-02
2.4585218728487360e-02
9.6721104847179058e-03
2.5311911179457781e-02
4.0752491213361573e-02
3.6846546135445316e-02
5.7981113555870111e-03
6.0077710064461338e-03
9.8127446584084857e-03
-4.6483527078274266e-03
4.9022567070921355e-03
-1.7594727430914066e-02
-4.6801260836854264e-02
6.1608619822328421e-04
-3.1939089553226947e-02
-8.3073976963160372e-03
-3.1447005938330798e-03
1.3159029574813538e-02
-2.0745645914340770e-02
-7.2904641533813926e-03
1.3561816899007172e-02
2.6015479434259359e-02
2.0686266615985778e-02
-1.1947572739475679e-02
1.1269847469302076e-02
-3.6803766362238262e-04
-1.6799243209165024e-02
1.2868939037668021e-02
-3.0254029272108060e-02
8.6952822744235589e-03
-3.1832578693078734e-02
-4.4045539146960952e-02
1.9570905961022154e-02
-9.5313794208025972e-03
-1.8140144462227423e-02
1.5149217972736051e-02
-7.7943609336533866e-03
2.3854566326546915e-02
1.5012381529057008e-02
1.0149208077817945e-02
2.0358065471341568e-03
6.6281925692375336e-04
2.3933271539474690e-02
-4.4957075173467217e-03
1.7581741942947961e-02
3.9612967713313248e-02
2.9894085130367657e-03
1.6539740442100968e-02
1.8915746237966689e-02
-8.0475218770405376e-03
1.4571988137432431e-02
9.1441492550559007e-03
1.5991402083694810e-02
-1.6411249524279463e-02
-2.3065350864730366e-02
1.8837347592955037e-02
1.3847775531053567e-02
-2.2825599945473802e-02
9.3173179098348323e-04
-1.4334792564607474e-02
-4.7828443760823819e-02
-1.5568025606995516e-02
1.1354830061201405e-02
1.0722429948495434e-02
-3.5971801506696044e-02
-3.9426610327152445e-02
-3.3046085975423800e-02
1.9681399028720587e-02
1.4826399152520139e-02
2.5843742449730592e-02
-2.4823435671256486e-02
-1.0677121368336148e-02
8.8654938414020855e-03
-1.0406318865838300e-02
2.5439565784470458e-02
-2.1467049842345248e-02
-1.3449395016563068e-02
-1.2924808088086276e-02
8.3103782382491255e-03
1.1144729870984934e-02
1.4162526337473013e-02
-9.2993498216108021e-03
-1.6689444425239376e-02
-1.0901355806658131e-03
1.3955511074150776e-02
-1.1908953998350656e-02
3.7736530614942435e-02
1.2883981702703728e-02
-5.6420507585045101e-03
-2.5466292412479469e-03
-2.8551327402451344e-02
-8.6213210865005857e-03
1.5741318406507117e-03
1.3205583678008951e-03
4.2294201450250989e-03
-1.8485205147246019e-02
1.5918126053453455e-02
7.2034647656713836e-03
-1.0636363585070353e-02
5.6215010715946470e-03
1.5302644806853768e-02
-7.8190698559045604e-03
-7.4783582444219385e-03
1.7066987963518163e-02
1.2394823893164961e-02
-1.5273189564837652e-03
-8.3674037683636269e-03
2.5643663615112403e-02
3.1442724621181840e-03
-2.3973920273628845e-03
-5.0463154619014745e-03
-3.8579447540118663e-03
-3.1450086033291535e-03
-2.1944234393766873e-02
3.1260151156958668e-02
3.0680330786794455e-02
-1.8102177475789488e-02
1.5855996060825325e-02
-2.2051683051784472e-02
-1.1813284296726973e-04
1.5733757153274641e-02
3.8103696945554322e-02
-3.1129453230680171e-02
-5.7013871870528650e-03
4.1769177360487198e-03
1.7651840982310905e-02
3.6368191981086392e-03
2.4591489576951158e-02
-1.3681571873407020e-03
1.6216475578714463e-02
-1.3362994552126365e-02
-7.9850433048298392e-03
-8.5863295362656640e-03
-3.6442895045288282e-03
-4.8217833383443634e-03
5.4167019583251175e-03
-2.4517395549069629e-03
-2.1620842965243778e-03
-9.1349734251301197e-03
1.6717143650564467e-02
-2.2456598703707264e-02
1.2702231200240497e-02
2.4474161380062440e-04
1.2587047801778217e-02
-1.6123965104598457e-03
1.2223311341307695e-02
1.3053420162168615e-02
-7.7756136538659395e-03
1.6669782761317965e-02
7.4623970402881408e-03
4.5076290213350795e-03
1.5463940441898791e-02
-1.0708797413104999e-02
1.4157987515662917e-02
2.0157340024790440e-02
1.6705232860095121e-02
3.7376875364483281e-02
-1.0501075068884206e-02
-2.0238382603581739e-02
-1.8637384859146636e-02
-3.1524043795967377e-02
-9.2300093836944607e-03
1.2413887217133557e-03
-8.6208185829024803e-03
4.8375824038681160e-03
-2.0595979650840247e-02
-3.0102317917969110e-02
1.9730978924556289e-02
3.6829243685298245e-03
1.3386004913664531e-02
-3.0041758035179889e-02
-1.7090041544026362e-02
-6.5703483432504317e-03
-3.9464517963774684e-03
-4.3255192107760684e-03
-2.0889434285639018e-02
1.6053175075227615e-02
-2.3892439509518144e-02
2.3320274382934512e-02
-2.6689866562012159e-02
3.8414386586429106e-04
-1.3384812373589726e-02
-7.5134465774271842e-03
-8.0354098435813058e-03
2.5102983341535306e-05
1.5539151684509221e-02
1.5911206231799258e-02
2.0816908357567783e-02
6.2882426377603934e-03
2.3750744151276697e-02
-8.6050329975010248e-03
1.2383414189484215e-02
-8.1069343890237677e-03
1.9941148087085697e-03
5.2532820696743450e-03
5.8528716967535246e-03
1.7792610109027947e-02
1.1047863956512522e-02
1.0911389295969860e-02
2.4572311194479730e-02
2.3585165691171965e-02
-5.3434960674154465e-02
-2.9008515938625343e-02
-7.6853060615422707e-03
-1.2283438678094775e-02
-6.3213497933972446e-04
-9.3151465343216042e-03
-1.5068888585832578e-02
-2.2165859975037262e-02
3.4114371412579396e-03
-1.0770141784123919e-02
-6.0102152330171830e-03
3.0825517628494125e-02
-2.1851302218986315e-02
1.7487199562308594e-02
2.8750315658343024e-02
-1.4360010791470930e-02
6.0051079211305512e-03
-4.5442798566627954e-03
1.8691949606923202e-02
1.9149565817428351e-03
-1.3032889745226322e-02
-2.8875227291054659e-02
1.2095630696811854e-02
1.0826273887945092e-02
2.2873573096771429e-02
1.9683969371759445e-02
1.3155620875312524e-02
2.0853329691988935e-02
-2.5833827971936327e-02
2.3651966432009237e-02
5.6177279900297736e-02
-2.0091773542330622e-02
1.8126012721879359e-02
2.5025257264842244e-02
-4.8951277722450578e-03
3.7002145405457793e-02
1.9954399267604617e-03
-4.6382954899574197e-02
-2.0645306281168133e-02
-3.9554552771869173e-02
-3.1130783884589551e-03
7.4117458919874778e-03
-2.2287930052878480e-02
1.1219801789833683e-02
-1.1958637141545672e-02
1.8785757820893464e-02
-2.2305153500983072e-02
9.2822062963401914e-03
3.5301952840818440e-02
5.2342954400335737e-03
-3.0725689447172314e-02
-1.5862259304572504e-03
2.4146958113774875e-02
3.9331408842087856e-02
-2.2882650184727932e-02
1.2091654155285958e-03
-1.1062436190296685e-02
5.1018013429747159e-03
1.3040783014611226e-02
2.3471127128418048e-02
1.1781119945818305e-02
-1.7393411141642577e-02
-9.9773270325594268e-03
3.2894591807861778e-02
2.1763526286800377e-02
2.8635512885781662e-02
-1.3387637814046421e-02
-4.1869334882726691e-03
-1.8260209744937521e-02
-1.5529573089100034e-02
5.7394714454629655e-03
-1.2850946471120894e-02
1.8968096051714487e-02
-4.0887705835232213e-02
2.6559669734870926e-02
9.0190868140387626e-03
-2.1119182447432820e-02
3.4540431899140349e-02
-1.1543223905804853e-02
-3.2659136030651230e-02
-2.6673598404340346e-02
2.0099081193601931e-02
1.3719180257742792e-03
-1.1940709727008844e-02
5.5780534909434992e-02
4.9788907379565549e-03
9.6111375516359440e-04
-3.7388634994123451e-03
2.5022863659362911e-02
3.1994108563087743e-02
3.5829785767785803e-04
-5.8446849312681584e-02
-1.0742194749918344e-02
7.4484857482755521e-03
3.2246505932372466e-02
-1.8741688440803747e-02
-1.8236344137151417e-02
-5.6822080825851516e-03
-9.7957744645948402e-03
1.8321624890725949e-02
-2.1035973407394222e-02
-3.3714491263391176e-02
-6.5975484842342802e-03
-1.8863398597613729e-02
5.6248677925838540e-03
-1.8170736153873907e-02
-2.2690346492767466e-02
-4.1179883254574799e-03
7.5412303694938655e-03
2.5677876165102517e-02
7.4454580784278999e-03
2.7112281559858321e-02
5.1082606938783765e-03
-2.1058280584798177e-02
-3.3365839241945795e-03
-7.4628918335091585e-03
-1.7252068812210003e-02
1.1604189367601554e-02
7.3161992893254315e-03
-6.7735283038308945e-03
-5.8092435736664103e-02
3.9939459990088536e-02
1.3541214160393571e-02
-1.1303238429574333e-02
9.4630298285598518e-04
-8.5250283429881765e-03
3.0439939178896723e-03
2.6478103193128015e-03
6.0976911647187132e-03
-7.3281563766514034e-03
-4.0743066164436051e-03
-3.0826838182149777e-03
-2.6293418935577649e-02
6.4892823535090717e-03
-1.2706333065129147e-02
8.8490212324953306e-03
5.3962902807708334e-03
-1.4438574351254879e-02
-2.0814146551637977e-02
1.0311113913586720e-02
-1.6798603544237900e-02
2.2054942768376124e-02
-3.6467012737526533e-02
3.6965473690695916e-02
2.2363815720990460e-02
5.9233177931126528e-03
1.5544811547223243e-02
1.6401184173235720e-02
1.3638413442167674e-02
3.8194477815647714e-02
5.6823607606938727e-02
3.2508820087108266e-02
3.7899911029080626e-03
-3.8583976547540118e-04
1.9718412614830656e-02
5.3482444789957706e-04
-2.3798323526001610e-02
-2.2365329881281625e-03
-8.3066088237412974e-03
-1.9341155361345612e-02
9.4111924838309619e-03
2.9099800630722232e-03
1.9037612188673961e-02
3.7622916851743444e-03
-1.6674307527958374e-02
-1.7533875705043884e-03
1.3335261791007375e-02
-1.7386338242723818e-02
1.8259948854952263e-02
-1.7180244229074975e-02
9.3101361457427808e-03
1.7366073554999129e-02
-4.5703019382223329e-03
3.2398257344150035e-02
-2.8010682826352636e-03
1.4138118592974711e-03
-1.2133399781588495e-02
1.1974141824273624e-02
7.8747685346666242e-03
-1.7437340303976819e-02
1.2703502095544647e-02
1.9408561809215142e-03
-3.9823543158128333e-02
-1.4556534747177715e-02
1.8313635247483948e-02
2.9000628611058100e-02
-1.1776103142697000e-03
-1.6207530683930584e-02
1.0074366642702018e-02
9.6219618017615027e-03
-8.6571851278971611e-03
2.5867627292706672e-02
6.8709924604813946e-03
1.2544469495534977e-02
-1.9146761506614184e-03
1.7421541032304533e-02
9.1834632942247273e-03
-2.5413185805581153e-03
3.1139241666776275e-02
1.5718730319914442e-02
-3.0600119631017258e-02
-1.0499731437302987e-02
2.7386307459219734e-02
-7.0698944858794688e-03
4.5621155211282433e-02
1.5344262192238577e-02
-2.1360609887464476e-02
-4.2212598335538715e-03
1.0737933921788274e-03
-1.4972327114459255e-02
-1.5526927471186690e-02
9.6029279084629254e-03
8.0230826168273240e-04
-1.1502433015679037e-02
-1.6033990779389783e-02
-5.1236865688704156e-02
2.9957536507353381e-02
-2.2532987700688133e-02
-1.4378987114000181e-03
8.0699207914668065e-03
-8.3956018059326478e-03
6.7931952920186681e-03
-1.6263293113499139e-02
-1.4978962331755878e-02
-3.2082402065431335e-03
2.3566280923884506e-02
-2.5697246992710684e-02
-2.1903838286305332e-02
2.7241139763154922e-02
1.0539743396785588e-02
-2.4340185215024738e-02
1.1489741982679774e-02
-2.3775874573806723e-02
-3.0722078663727712e-02
-1.9827460633523249e-02
-3.6221102652562925e-02
-7.5946182181558554e-04
1.9244100907267907e-02
7.3247402585053462e-03
1.3692985383263462e-02
3.6723857497520919e-02
-9.4354948996678480e-03
1.9076784046301812e-02
9.1749726538796483e-04
1.8251903940530639e-02
-7.5380368203208509e-03
3.2046762553732205e-02
-1.0069978752696086e-02
1.7162840034008764e-03
-3.1020176665269789e-03
2.3834118962075559e-02
-2.0754836712094174e-03
-4.8562666022063800e-03
-2.4134533841259256e-02
4.7834755961219839e-02
2.0548499727051889e-02
-2.0170340551486209e-03
-1.7118790172171792e-03
-1.7668782456866892e-03
-2.1711877672073065e-02
-2.5140131779935727e-02
1.4746844909313488e-02
1.1159609068448352e-02
-3.9832193270825017e-02
-2.4905886556136049e-02
-6.0472167313229470e-02
3.5720705108610862e-02
-1.0546582647178256e-02
1.0732481217168230e-02
-4.6541646269629422e-04
-2.5068038217527277e-03
4.6262498006423925e-03
-3.4023980112205927e-02
2.5031588921772149e-02
-4.7391707834380402e-03
1.9370510182836025e-02
-2.2279558456202823e-02
-2.8601384160150400e-02
-4.1364569260974845e-04
-1.7667309939424704e-02
-2.6208638558543433e-03
-3.7035854693220925e-02
1.6772104126387868e-02
1.1695704926205027e-02
-1.3238507076036663e-03
-1.3956635559097506e-02
-8.7215551048396376e-03
-4.5848895450891925e-03
2.0313255179510058e-02
-2.1427489246935542e-02
-2.3894259633371120e-02
2.3822546048627404e-02
3.5862337091989153e-02
-1.4618460244036553e-02
1.0439036861480410e-02
1.6339975950243616e-02
8.4573687510747508e-03
1.2319177036825212e-02
2.7475842448413260e-03
1.0124296732479493e-02
2.0525515288454425e-02
4.1556270910097656e-02
-2.1767439181049467e-02
-1.8188366205062326e-02
-2.9730734148174530e-02
-8.2828761188981706e-03
1.7750122449203515e-02
-6.9466100680598865e-03
-1.6691570969169178e-02
-2.2314089772949942e-02
2.8980924893145188e-02
2.8568651500254248e-02
1.3314852820870547e-02
6.5331119068576804e-02
-3.2779531232746913e-02
3.4822637378836814e-03
-6.2376334340849895e-04
7.4333630805333145e-03
-1.2150382134794534e-02
-1.6314071574800124e-02
-2.8441564558411639e-03
-3.0227198222725380e-02
7.3426677345496301e-03
-4.0907629219137272e-03
6.5269732761792498e-03
-1.2360288561963045e-03
-8.6783379799838436e-03
-1.8553366089937077e-02
5.5430035161394275e-03
-2.1846321675132386e-02
-2.6092358855013386e-02
9.7548805979512099e-03
-1.7580611740564734e-02
2.0714352376980851e-03
-5.4565353472445081e-04
-1.6765638345547226e-02
7.3662226782386982e-03
2.1557681406992074e-02
-1.2761328100829132e-03
1.5404297530407191e-02
7.7347183406080849e-03
5.3796542223365348e-03
-3.5671780505391057e-03
2.6414742395546491e-03
1.3539238565691836e-02
-2.7010181631925015e-03
2.2176978474451711e-02
-1.2062180426829909e-02
6.4568504487210032e-03
1.6584090720096818e-02
3.4960516153137805e-02
1.7342387789452348e-02
-2.0704325716007992e-02
-2.5087074987092808e-02
-1.6690160696697487e-02
5.1527483699102695e-03
-1.3862392632529568e-03
1.2785029625776163e-02
5.9174526435999851e-03
-8.7975882311254645e-03
1.6790192773319348e-02
-1.1623021652739360e-02
1.7167638243782129e-02
-1.0398938991141462e-02
-1.9346346626014194e-03
7.8523188337604917e-03
2.9813958255690233e-03
-8.9533924341686118e-03
-7.6766077225688574e-03
7.1559905948931075e-04
9.8525800305986084e-03
9.7427599800315578e-03
-3.0403290477525038e-03
3.3006037308773058e-02
-1.5034569481092896e-02
-3.5427115576812133e-03
1.4971853149405603e-02
-3.1152947321775731e-03
1.8396942310965277e-02
1.1346555893682714e-02
9.7924808195564948e-03
8.4619251013537435e-03
-8.1416390313131994e-03
3.9302992318750000e-03
-5.1294798552480644e-03
6.6878324969980646e-04
-1.0349090422500212e-02
-1.3959816384161782e-02
1.0414060686093924e-02
-5.2898294629334297e-03
-7.5005911568625308e-03
9.5353813436776600e-03
-2.0718571200261044e-03
1.4160051076679314e-02
2.3368953647065808e-04
1.7969370778166547e-02
1.5573779771127987e-02
-3.2741958653196850e-03
3.4534511263624524e-03
-1.3416300873837571e-02
9.4219100496866891e-03
3.0202778815476193e-02
-1.5164491817587934e-03
1.2810685091275980e-02
1.5338357314191257e-02
1.0556920777105421e-02
1.6237870326483536e-02
-2.4759600196425551e-03
-1.4109275246034012e-02
-5.8357702122923179e-03
3.9728246135102693e-03
-4.0587325503514821e-03
-1.0854954226915084e-02
-1.6256761550455185e-03
3.9393529671943968e-03
-1.4703804909865408e-02
9.9445142866740697e-03
3.4052297081370534e-03
-1.0383648322164584e-02
-7.3838719176730471e-03
3.6355320193326171e-02
1.1106395990370050e-02
2.1884072339761473e-03
-3.8391990345257062e-03
1.5227540734805613e-03
-3.7869233850505606e-02
5.7713031664054079e-03
3.6942745254549270e-04
-3.7588964783162849e-03
3.7818654290217864e-02
-7.3596011928277090e-03
-8.9195686823999309e-03
-1.1903260711517464e-02
-1.2678901968025119e-02
6.3690398431140776e-03
-3.3208962280431922e-03
1.2110285455026253e-02
-2.5077699342647385e-02
-7.9512547889579472e-03
6.2117926914802332e-03
1.1459562572290128e-02
8.9913514776716538e-05
7.5507034358558295e-03
-3.7087386948102177e-03
1.2762604895604584e-02
6.0265673757694260e-03
1.0980223571953981e-02
4.7555400122796152e-04
9.1433104759821287e-03
2.5086088578450280e-02
-9.3874152309072669e-03
1.9393796212037202e-03
-1.8203509936058775e-02
-1.9123909394649283e-02
-1.6083609618100250e-02
-6.7971783207415662e-03
1.5185996754690678e-02
8.2750160019042004e-03
-2.7645698705889765e-03
1.4348351265267097e-02
3.1803100024767307e-02
-4.4077230759274966e-03
-8.6793825436805756e-03
-7.2905434215918717e-03
4.1323144974913378e-03
4.6901428356278113e-04
-6.2410900456372383e-04
4.3379731211660184e-03
1.2169406874475333e-02
-2.1715111218293575e-03
2.9054191076529148e-02
7.0547840761716295e-03
-2.5199315842791344e-02
7.8871813628513462e-03
7.2925913751643364e-03
4.6100103462382762e-03
-3.2798295501279461e-02
-1.1301629954673792e-02
-1.3840308098031242e-02
-3.0166277886403234e-02
-3.9013930832307538e-02
5.4930191300474138e-03
-1.3243237834174014e-02
-3.0949898424834876e-02
1.4306542997091033e-02
1.3197542600987870e-02
-2.5224667638499144e-03
-1.7624234333646762e-02
-3.4817039078331689e-02
1.7312163645229091e-03
9.4943175868824527e-03
3.4144041568281540e-02
-5.6004399009896323e-03
1.9643511856711093e-02
-1.9880332565785099e-03
1.4020446797555226e-02
2.6719959347945360e-03
3.2240454868503240e-03
-4.0089937009787989e-02
1.9089949699655474e-02
3.6502809697127700e-02
1.3840025350579826e-02
-1.0235081633873719e-02
1.9976737213320269e-02
-8.4151019255793887e-03
1.9737999123666743e-02
9.3029222159207343e-03
-1.2515006554029377e-02
1.3241671891400094e-02
-2.6191519821623578e-02
-1.3588516266838862e-02
-7.1763001829484455e-03
-4.8185298094771567e-02
-2.8708253459811345e-02
1.6354921254603846e-02
-1.4495283192562798e-02
-4.2183848459238183e-03
-2.0913897022578065e-02
3.3678092983227853e-02
2.4247880207698087e-02
9.8255086104237811e-03
-1.8716408575815253e-02
-1.0886527415863101e-02
3.7298677036423466e-03
3.5970627855441183e-03
1.3287164223997555e-02
-2.5777620858653108e-02
-9.4982777560915135e-03
-1.7854000242850131e-02
4.0773241738188762e-02
-3.6805644943440213e-03
1.6757100077990073e-02
-4.3210283529272822e-03
-2.3295255476101888e-02
-1.0683798323679092e-02
-1.3705533949630946e-02
1.3024996699074112e-02
-1.3452970890418636e-02
-3.3244715967793866e-03
-1.2696386000387016e-02
2.6731113142106751e-02
1.6846724917875756e-03
2.5444847027888122e-02
-1.7533360869179355e-02
3.6494907899422991e-03
-1.3968503791143925e-02
3.7362474598692894e-02
-1.2561933492406476e-02
1.7469158922487668e-02
-1.5206578755716236e-02
-3.3431363961752301e-02
-9.0932276115101261e-03
-1.2696909114469214e-03
-2.4784476240677783e-03
-6.2550578968257730e-03
7.7627680263641615e-03
1.5330507561123851e-02
1.2195625132561179e-03
4.8409911988454134e-03
2.0583702729452300e-02
-4.5039779133393540e-03
-1.5090460819283698e-02
-3.5546054628739538e-03
7.1017483503126033e-04
1.3539751946372794e-02
-2.9140752376540971e-02
1.6959463508845488e-02
-1.8974695911820930e-03
4.6791059829710338e-03
8.8923872607949914e-03
-4.6796311401974414e-03
-1.6916026079544032e-02
-9.6365014860832730e-03
-2.1258668176319641e-02
3.0855780305519297e-02
1.2813220437175326e-02
-2.4185107168561530e-02
-1.3042770013330549e-02
-7.1334613788774873e-03
-1.3221141794406432e-02
-3.2104733817625040e-02
-2.3384435974181890e-02
3.3691870674031933e-02
-1.1583565950206572e-02
8.8159674242886572e-03
8.8349634385967782e-04
-1.5181918275267509e-02
-1.1974233050171456e-03
2.1429738169270549e-03
9.6454467992259339e-03
-2.8558081465543499e-02
-3.8571167054416794e-02
-3.6695450619985391e-04
-1.0043053987415708e-02
3.4008701177290039e-02
1.0633167930961560e-02
-2.4109796931151083e-02
6.6575025609793706e-03
-1.9620952236990768e-02
4.9822539064408242e-03
4.2674707912689916e-02
3.0392711246391028e-02
-1.5212966067637251e-02
-2.3911333783265223e-02
-4.1314690101258371e-02
-1.0813710633733781e-02
1.1723796240175857e-02
7.9141520586722483e-03
-1.9538087487119319e-03
-1.9083070168671081e-04
3.6639037722031850e-02
3.7216040471862305e-02
-1.2456515280590280e-02
2.8285830675675569e-02
-1.1438076997308314e-02
2.7260944981025544e-02
-2.1636485239006853e-02
1.7105817875661691e-02
-5.5101942991763169e-03
1.2825498888380596e-03
-4.0690494890146161e-03
-5.9911652269473842e-05
-1.5546516370730193e-02
2.7717998022827775e-02
1.8915906405474935e-02
1.9586658929776256e-02
3.2317561435311004e-02
-1.3444758812432653e-02
4.7809936644363877e-03
-2.2115060152359506e-02
1.4640052247508206e-02
-1.8629634510924527e-02
2.6014488020542143e-02
1.2434303017653832e-02
1.7872212219269840e-02
1.1776376643448220e-02
-2.0570047377539747e-02
-1.0501788012832639e-02
2.9819336322374473e-02
-4.0569277827816531e-02
1.8205365329976207e-02
-1.5933031079463793e-02
1.5251740245101401e-02
-1.3597093305790854e-02
-1.0416809607918482e-02
1.9362953810272962e-02
-3.6602138970141418e-02
-4.5664439455004461e-03
-5.8112370061978915e-03
-2.4779414638714903e-02
-2.3642597899172904e-02
-2.2919104455837242e-02
3.0370386765250106e-02
3.3610741504391264e-02
-6.6864563617751909e-03
3.3632809915145841e-02
-1.3004418078546609e-02
-5.8790446633281935e-03
-8.4908429875571560e-03
-4.0475565019250058e-03
-1.5318605601159897e-02
6.3021174429135594e-03
-2.0155266325519682e-02
1.5840701316780871e-02
-6.4049960471396919e-03
-4.4123209094621123e-03
-1.2023705775446787e-02
1.1670600697759725e-02
-6.9636368994233063e-03
-2.2936568316397600e-02
-2.5936776227992626e-02
-1.4319862068065140e-02
2.8319499139426007e-02
-4.3638726475350373e-02
-1.0116717843212613e-02
4.0502988304142147e-03
8.4393614795079952e-03
3.4999992561244947e-02
-2.7625926443353356e-02
1.7893612243510340e-02
-1.8934064725438075e-02
-2.4688020974510585e-03
1.6245472182740184e-02
2.1194029298034808e-02
1.2093474943389731e-02
8.0541349452131223e-03
2.6641315724342092e-02
2.0463727447928008e-02
3.3980031442216639e-02
-8.3592117325871126e-03
1.3722171987417285e-02
-5.0397112439639132e-02
-1.8666980477803036e-02
1.3723967018078148e-02
1.3127763651217665e-02
-3.2847656679133669e-02
-1.1453065048244317e-02
1.9009354265907192e-03
1.3972636830159190e-02
5.6933996415694469e-03
-4.6541273709879691e-02
-2.4779422831595819e-02
-1.4168384603569964e-02
1.4183914619994790e-02
-7.0784849697365518e-03
-3.9282718446557979e-02
-1.4333809866519519e-02
-1.2313227885412434e-02
-5.0313723842546135e-03
2.1651295266693512e-02
5.7935611053750698e-03
1.6029446760223463e-02
-7.9121628781750677e-03
1.4917574923386117e-02
2.7407988703956582e-02
3.2796389139960393e-02
-1.4223240197032224e-02
5.2842561342049789e-03
6.4561932113251300e-04
-6.8564620675749047e-03
-1.6401336886945238e-02
-5.5553796976530838e-03
1.0088722128797106e-02
-1.5326224724686014e-02
-1.7213870260208965e-02
2.7829116770323372e-03
-3.9674347005271435e-02
-5.3079496186269701e-03
-1.6641898210933460e-03
4.1481227897588693e-02
-1.3707966760902836e-02
1.9402938869678560e-02
-2.2984623453338515e-02
-2.8193989091025558e-02
-2.3708719835919805e-02
-2.2859844581089021e-02
3.1160162814772085e-02
3.7233185992729722e-03
-1.9709741794062326e-02
1.0859114341216147e-02
-1.7586979002496596e-03
1.6472964656618492e-02
-1.7154095613155264e-02
1.8392275895830732e-02
1.9692782168829765e-02
-1.1684527567738676e-02
3.6302019317455698e-02
4.0663050085820718e-05
7.4077125511310586e-03
3.7958573901957426e-03
-3.0849618735567198e-03
1.7912829076403302e-02
-1.0014262918383580e-02
-3.7022667736276153e-02
1.2922479764959758e-02
-1.6567282482318313e-02
5.9348252803417241e-03
3.3474700095360395e-03
7.5296141009716881e-03
-2.7418694361237145e-04
-1.1665969619070798e-03
5.3425287727406085e-03
1.5195734671287760e-02
-3.6124641031824646e-02
-2.7671262444379993e-03
-1.8973541654709113e-02
1.5916890724442596e-02
-6.8261330802377642e-03
2.5932718624329183e-02
1.4272125044492514e-02
2.1519117920021757e-02
4.0567348031207012e-03
-4.2439393906514682e-02
2.3990226237798156e-02
2.0478593171317352e-02
3.9044332166354280e-03
-2.8283215431377892e-02
-2.8529902445098329e-02
1.8837099789180790e-02
-2.1442813826898409e-02
-6.5374351411274702e-03
-2.5684179903715319e-02
9.5293375513048444e-03
-1.5965049439460238e-02
3.6932374811589953e-03
-1.0630461444046533e-02
-2.4126269045941867e-02
-2.8688069930050429e-02
-1.8310959436041177e-02
1.1413581385861876e-02
-2.6556455322907405e-02
1.7260380570353038e-02
9.7655847775825911e-03
-2.4718587354707347e-02
1.0588757279773311e-02
2.1186535012031771e-02
-8.6109763708561576e-03
-6.6455429182380897e-04
-3.3173356100419542e-02
1.5716774704760572e-02
6.1247589849623793e-02
2.4762853492039775e-02
9.8374957450612747e-06
-1.7465098697314132e-02
-1.0222119112205547e-02
9.8942842254605302e-03
1.4436681181392748e-02
2.5031047330081255e-02
1.8045973294580973e-03
-1.1623219123154612e-02
7.0326120098366494e-03
1.0350877609710343e-02
8.1294627004082597e-03
2.6093201463921765e-02
-4.0661766439463037e-02
-3.0986239847392697e-03
1.1694122015750036e-02
-2.9295977332859449e-04
-2.6178557142337078e-02
-2.8443917479090072e-03
-3.4301915837979605e-03
-1.6886018093889427e-02
-2.7874048636396739e-02
2.1050556465241513e-02
-7.0243877552018654e-03
-2.0145844278007669e-03
1.0302494143337660e-02
-2.1677085086440909e-02
-3.8837391850475044e-03
2.0701780497186496e-02
8.2893535169832055e-03
-8.2887689008550956e-03
-4.2761630588585009e-03
1.4233276618725622e-03
1.5432542821963956e-02
3.2863958096333735e-03
-5.5916029667047538e-03
-4.0568832089700094e-02
-6.4536341794508402e-03
4.4052429898669265e-03
1.3572421597246158e-02
-9.6675991765811618e-03
5.1627845523757893e-03
1.1951782406253296e-02
1.4293810105303232e-02
-8.2867277343221073e-03
7.4589274415062193e-03
-4.8386659484704678e-03
2.1954054694184777e-03
1.6325587240152369e-02
1.5055493555796735e-02
5.5303835011206257e-03
1.7411288878748047e-02
-3.5592579830326029e-04
2.3496627800693858e-02
1.7244207811605395e-02
-1.4630325572936916e-02
1.9340174015943883e-02
-7.7629626343231842e-03
3.1036427792096605e-03
-1.5607448921467490e-02
2.1736114809806868e-02
-5.8446574758430972e-03
-1.1051083452464996e-02
-9.5701035459240386e-03
-2.9448594755650301e-02
1.3456613795896197e-02
-1.6149164132793034e-02
1.6370886450866845e-02
-7.1522343040098428e-03
5.4099634409395837e-04
8.6525565179180284e-03
-9.1768412770283237e-03
-2.3204563549108839e-02
1.4759419832172681e-02
-5.8953530553638341e-03
2.0658227313437617e-03
4.4410860132037145e-03
-2.9824620418488892e-02
-2.7187574378937714e-02
-1.8881169571089117e-02
-1.7880472573229025e-02
1.2664948340218404e-02
-1.0320266688156863e-02
2.5913554162480913e-02
5.0334101404634672e-02
5.3842388052523010e-03
1.2766119224633705e-02
1.9008494937179307e-03
-1.4180959055177054e-02
-1.6372612449682539e-02
-4.0768944343414840e-03
-2.4861728507130014e-04
2.6128347677490039e-02
1.7929445492242589e-02
-5.3095563451450702e-02
-3.4499486620980263e-02
8.3016395714032194e-03
7.3616074666578999e-03
6.3320696741866328e-03
1.3843521055592958e-03
2.6272333464232002e-02
1.0969981146731330e-02
2.4891547904169857e-02
1.6885940038582650e-02
-2.2620557437470917e-02
-1.1038030220685745e-02
-4.8065229706212792e-03
-1.4028246603732038e-02
-4.2442444534159535e-03
2.0415986759782113e-02
9.4667380266115191e-03
2.3436929406507635e-03
2.3343669608861452e-02
-3.2473426233948562e-02
2.5154102259184543e-02
2.1087639743459004e-04
-3.4390312203303151e-02
-9.8029078451288190e-03
9.6500398318914576e-03
-1.9563106388463952e-02
-4.2569818432402727e-03
-1.2077991281633976e-02
3.2365216292251774e-02
1.0673996480929820e-02
-7.3623015800313302e-03
1.4473474675214646e-02
-2.3881194640145365e-02
9.1142736901401664e-04
-2.1583986145957992e-02
-1.6391210179631802e-02
-2.6891264564347359e-03
-2.0337701712583893e-03
1.0263342727697255e-03
8.6118383806229309e-03
-5.6062644264754883e-03
1.9212408603849328e-02
1.5185847407491911e-02
1.0604838586358830e-02
-1.4765076856652869e-02
1.9242327315863152e-02
8.4906166951008305e-03
-1.2782804240920133e-02
-2.7551582625205979e-03
1.9905148245975415e-02
1.4466317399922131e-02
3.3022989215366859e-03
-2.0461322467318723e-03
1.5992069278502240e-02
9.9417709423298729e-03
-3.7397752948298102e-03
-3.9791830338389584e-04
-2.9659450143432889e-03
-2.1561369501656623e-02
-2.6593690994710609e-02
2.3723392588147367e-02
-9.2602888704522972e-03
1.1037712452737386e-02
-1.9753626785910887e-03
-1.7222774858574621e-02
4.8023480556863064e-04
-1.0309540509983207e-02
1.1363897725002656e-02
-1.5673826415922125e-02
-1.1346888216114692e-02
-3.6642210089880703e-03
1.2418168418713269e-02
-7.2769613736795597e-03
1.3021360837038703e-02
-2.1662042155083671e-02
-1.9893218403781868e-03
-1.0688423747555811e-02
-1.5769484149829052e-02
-9.4557681969201987e-03
-1.1724060655682078e-02
-9.3412590146301228e-03
9.2852106297750796e-03
8.1392771884518100e-03
-2.6079144502194097e-03
1.6118875243431061e-02
-2.7015738865763448e-02
5.4354449962868995e-03
1.2032749902494762e-02
6.0922711019669278e-03
3.7573384694018655e-04
2.8093947696276614e-02
9.9148492189956722e-03
-5.9708886321577451e-03
1.3916689158187303e-02
-2.0841440986087638e-02
-3.2627047691453888e-03
-3.5128295286974795e-02
-1.8743320296715070e-02
1.5545387833492092e-02
6.8336342415294196e-03
-1.1241393251304015e-03
-5.6834407418552176e-03
-1.1908960503338950e-02
-1.0528967583842390e-02
5.5945734015456026e-03
1.9998035349782610e-03
1.0062114508253900e-02
-7.9460019784134543e-04
2.8008418520259259e-02
1.4174131559675441e-02
-8.7666793646305734e-03
1.8561897378278513e-02
-4.2035540277689677e-04
-1.5534702950080671e-02
1.4875471736948682e-02
4.7800789889831307e-03
-6.5515232620917867e-03
-2.6654386260493046e-02
2.0508515526932038e-02
2.9734446184501013e-02
1.0510025294089079e-02
8.2701667199343906e-03
-3.0360886168234388e-05
-3.0765241877985525e-03
-1.0884123749635754e-03
3.6807339814479714e-02
-1.4542520164220370e-02
-1.0903863069705588e-04
-9.1616387502150842e-03
-4.1582310802954024e-03
-7.2609542912280972e-03
-5.2736320507955382e-03
-7.1848880084733717e-03
1.0451341276776896e-02
1.9843320517881465e-02
-2.1914249388330923e-02
-7.2545239402751430e-03
-7.3038319105989203e-03
-1.5501797746279251e-02
-7.9938118942234071e-03
-1.4297500655749282e-02
-3.0702534194790168e-03
1.0227794785870308e-03
3.7781777383800882e-03
1.2224996914555600e-02
2.9852698674219060e-03
-7.1806329850542050e-03
1.2622401504009999e-02
1.9212191684231819e-03
1.2249295622810673e-02
1.2170052173802407e-04
1.1844448820950574e-02
-1.1332591617208548e-03
-7.2463557851444775e-03
-1.5990013681208698e-04
2.0553136083604020e-03
-1.0628408324681220e-03
1.0798984783370702e-03
-1.7785192740448177e-02
3.8580555336799704e-03
-1.8590155217858462e-03
3.3261379805054484e-03
-1.0493882209630515e-03
-1.3508958996344082e-02
4.0426069588297810e-03
1.0133155861644070e-02
6.6966112952636684e-03
-1.2060757789943868e-03
-7.0589387146912297e-03
-6.1472937563463751e-03
-6.7770668299975446e-03
-4.1898999498471111e-03
8.7840880495280264e-03
1.5323958698373190e-02
1.4773905160018145e-03
8.3186398047805400e-03
3.8980409783181090e-03
-1.5443179688485754e-02
1.2989401472799558e-02
-5.0264294022462196e-03
2.4087776175463638e-03
-1.5330614426806607e-02
-1.6186058174637776e-02
-8.6334794445863889e-05
-1.6506885684630800e-03
-4.7384349684990749e-03
-9.6512973256515609e-03
-4.2155311553962634e-04
-9.1143755627392728e-03
-9.1663000312540068e-03
-8.2188573115446507e-03
-3.6511050747862913e-03
-1.1486690567584688e-02
-1.0227366556951223e-02
-4.9927432636444622e-03
2.4369485146424341e-03
2.4101740699050293e-02
-4.5386826813280665e-03
-3.3449016900160650e-04
-5.6732586501625284e-03
1.3864035475525956e-02
4.7271616234554172e-03
7.5118392642441688e-04
-4.6125108495498699e-03
5.9183754135335737e-03
9.0932590769965699e-03
1.1714420452779145e-02
-1.7924172412115569e-03
1.1130318706918919e-02
-7.9287895873801726e-03
5.1544653058162564e-03
4.0144140705116451e-03
3.4967721826370201e-03
8.9013028667418483e-03
-1.1078216227888998e-02
-1.2399375660174468e-02
-2.0613639337279340e-03
-1.0743717236287181e-02
-1.0735723139540417e-03
4.3653327653667817e-03
5.1281640215741281e-03
1.1682321554390182e-02
-1.0529186977911373e-02
5.3888937809429011e-04
1.0877923040719243e-02
5.8380535976786316e-03
-1.9740612020839869e-02
2.7104615572468765e-02
-9.3833568808420996e-03
1.3643991440424497e-02
-1.0114344658691305e-02
6.6075613992671953e-03
1.8070194990230225e-02
-7.4185770864969806e-03
-1.7867037936630210e-02
-2.7040513896147249e-03
8.8916733324962034e-03
-1.1475229789182865e-03
9.6101548624350185e-03
-6.5379020857340275e-03
1.0645900854470931e-02
2.5431789484506018e-02
1.4236486482774573e-02
-6.3410333532295145e-03
-5.8610315112897398e-03
-1.8888808724939688e-02
3.1725880983200547e-02
-2.0726224114583296e-02
1.1570293289773596e-02
3.5390511908898886e-03
9.4776328006756574e-03
-1.4874079164246875e-03
1.7196594020434348e-02
1.6582297591271184e-02
1.5739329060860625e-02
5.9972783350991628e-03
1.4231755948209636e-02
-1.7578278498151207e-02
-6.4838270437651488e-04
-3.1462132233465778e-02
-8.2077893490407339e-03
-1.6497322547266372e-03
-9.5054747140641774e-03
4.1292556479659353e-03
-1.7849282959445441e-02
2.3985339429750650e-02
-2.1977074148411695e-02
9.2754004102318932e-03
9.7607023383775061e-03
5.3992455772930957e-03
3.3139303592805966e-02
-7.8234006263737665e-03
4.3161893169047514e-03
-8.7841563845308494e-03
-7.8323112362275217e-03
6.8197363643424614e-03
1.4962964983335388e-03
5.8184949168856130e-03
2.3980433786309610e-02
-1.5701001825426053e-02
-5.7559795192569244e-03
-8.7964705308270288e-03
1.9678609010645991e-02
2.4141890972458079e-02
1.5765414331884393e-02
1.1786393264825418e-02
2.7651668913093716e-02
-2.0962739199121613e-02
-3.3324634692681061e-03
3.0207323153172757e-03
-1.1512199715141485e-02
2.8650472141678617e-03
-1.7319839910995873e-02
4.6105642729903570e-03
1.3888132520868027e-02
1.0798846921625770e-02
-8.9224102579700190e-03
-8.9451413289864147e-03
-3.7994936786111698e-05
-9.9003646768921379e-03
4.3025924466122460e-02
2.4374375634203728e-02
-7.2698851215490089e-03
-1.5376858316165165e-04
2.8484868654824018e-03
-1.3040873602351302e-02
-3.0904742061641521e-02
1.0273139783305275e-02
-9.9433430341090354e-03
1.5712947632538065e-02
2.0995923474193819e-02
6.9860717627655052e-03
1.6837389478552116e-03
1.1616087058137679e-02
2.9958799128013266e-03
-2.2342825067873481e-02
9.0981470193039239e-04
-1.3583012665939665e-02
-2.9412084417448456e-02
3.3944724570397745e-02
-4.2751542756750971e-02
1.2330866133189525e-02
1.3334050810317759e-02
8.0084629450034965e-03
-5.3877924871180254e-04
1.4986513447853686e-02
1.3217092264144486e-02
7.4306426409373738e-03
1.1322351318265329e-02
-2.5963254034151988e-03
-1.6962591472868986e-02
-2.8059296893852238e-03
-9.5993933005283968e-03
-7.3892920664091425e-03
2.9439137289346773e-02
-5.8314067150965999e-03
-4.1067918583450966e-03
2.7879447186701335e-03
-1.0758064851604006e-02
-1.2340960771567307e-03
6.1502268178027439e-04
2.7041215663861719e-02
-2.2864398689035961e-02
-4.9404502233042526e-03
-1.4074667947205022e-02
1.9553508248972742e-02
1.1388103363021106e-02
-1.0788399914761444e-02
1.0546397067713540e-02
1.6685718521510174e-02
-1.9820591110845725e-03
3.8581676863812999e-03
4.4409944605556303e-03
7.9703462029522502e-03
8.2465943470810647e-03
-2.0654218489723215e-02
1.5688905000520195e-02
-6.0002509465389891e-03
-2.0646213097893849e-02
-3.0641295969919241e-02
-6.8165128232574234e-04
-4.3439887358929690e-03
9.5044895571169772e-03
1.7060244021903240e-03
1.1617154751975656e-02
2.7473995670645953e-02
-5.4011034585758969e-03
2.8714872784178285e-03
-1.5086715770980447e-02
1.2927995715099521e-03
8.2067967073060633e-03
-3.1161411871617282e-03
3.7520915131275655e-03
1.8721144454354639e-02
-4.1628043701122767e-03
1.9781151097893378e-02
5.9668287764270012e-04
-1.1118739076106087e-02
8.2128550750594151e-04
6.6804298875017699e-03
-2.7133213071279605e-03
-1.3335392228273252e-02
6.9226038578029774e-03
5.6420528397971804e-03
-6.6215603696543838e-03
-3.1752852518400931e-02
-1.1060803457816990e-03
2.5406611302368851e-03
-1.4849252827523536e-02
1.3889628440305805e-02
8.7541077962927268e-03
-1.4744909879797112e-03
-1.9898703877650865e-02
-1.4597290603493107e-02
3.9775236372200928e-03
-1.3225242975697635e-02
-1.3168152831666693e-02
-1.7460280278464420e-02
1.5369702945309734e-02
1.3804178602977299e-02
4.4828763412541319e-03
-8.7262528747382405e-03
-1.6131907949661301e-03
-3.6071200878066069e-02
2.1900967216093643e-02
4.0607670649738831e-02
1.7084854195531282e-02
-2.6881881990012024e-03
2.2237330093200829e-02
-4.9206083430490370e-03
4.1722279508695035e-03
2.5183183880466038e-03
7.2176474339499339e-03
9.2045948425549130e-03
-2.7777921478457810e-03
-4.2507170925242827e-03
6.4861316250389616e-03
-4.1462393693058867e-02
-5.2444214812932127e-03
1.0353548340668692e-02
-9.7687035161868893e-04
2.7254555436120832e-03
-5.6316266800299948e-03
-2.0331988073167455e-03
1.7211379726948084e-02
1.1469869845970265e-02
-1.1585764114317512e-03
-1.7896260607314529e-02
2.1959988897949916e-02
1.0216879557447210e-02
1.9794150376654603e-02
8.9488762131213241e-03
-3.5736741743260542e-03
-1.0967607072935877e-02
-1.2214046960577079e-02
1.9120832023418785e-02
-1.9491154515517664e-03
-7.8196041524856465e-05
2.0412948690489076e-02
-8.3213008399069029e-03
1.3840022076525037e-02
8.9554923988931587e-03
-1.1014961411659769e-02
-1.8703179481764809e-02
-3.0706082375944583e-03
3.8134740801528625e-03
1.6548113310702547e-02
-1.1916398444439712e-02
2.1109614971463145e-02
2.0573528132195387e-02
-5.5723154665024439e-03
1.7633819296503626e-02
1.0950064158802671e-02
2.7005003587150998e-02
1.6909571639863574e-02
2.4468241085286977e-02
1.0152255550177722e-02
1.7886958375795920e-02
3.3796999179829630e-03
1.0826580492328926e-02
1.7869255807395366e-02
-2.7636030445311009e-02
1.7680461617040198e-02
-2.0209059339288933e-04
-2.1950394085342235e-02
-1.9761543212166711e-02
-4.3892592007402226e-03
1.0478363951154156e-02
-2.8700469819701374e-03
-6.0577246657584185e-03
-1.2582444083064647e-02
2.3082496363740334e-02
-2.2780820511049783e-02
1.0168651911164140e-04
-2.0230512287382981e-02
-8.4739214475197649e-03
-4.7825074093026310e-04
-2.4648858288662300e-03
-2.1137465154198395e-02
3.2818433900526044e-03
-6.3043535925889843e-03
5.7456073750405722e-03
1.4985995271953030e-02
-5.4099371002673509e-03
-1.4669474909249252e-02
5.9177918690743524e-04
5.2729254691335379e-03
1.2360198246945352e-02
3.5876962431540520e-03
3.2479454048642400e-02
2.9349568692795772e-02
-3.7954655425868648e-03
1.1989878146991078e-02
4.1513140379417945e-02
-1.0310839178056624e-02
-2.5509924805705221e-02
-4.5553512517921210e-02
1.2510267441515366e-02
5.7507062089961801e-03
2.4181936127307981e-02
-2.3986013700756540e-02
-2.0590990714840583e-02
-3.2568626516318714e-04
1.9803846551700803e-02
-1.4187715318265462e-03
-2.7165319684295433e-02
8.4145916693067428e-03
1.9521892492293538e-02
-1.7695137277612182e-03
3.2026306153409102e-02
-1.9678725677918164e-02
-2.2919682437854295e-03
-2.8443578184208828e-03
-2.4459621081315327e-02
1.4440463683204901e-02
2.8892688393786829e-02
2.2883238150282269e-02
3.0761563218022460e-02
3.3770255799621028e-02
-2.7565767742816296e-02
2.2242183267426299e-03
1.0544580912867156e-02
2.5068063900732709e-03
-2.1715661153368437e-02
-1.6527931451643676e-02
-2.2728748630531738e-02
2.3250094991983026e-02
-1.0776991792615168e-02
-5.7277869908504654e-03
-2.2429060064190390e-02
-1.7332849497508438e-02
-1.2702751653864711e-02
-1.9396348169947376e-02
1.2050379689987274e-02
-1.3449609251202106e-02
-3.9273943940058578e-02
1.2129932534253617e-03
-3.4481676595660170e-02
-6.8218287694760352e-03
1.8033980229629973e-03
-1.5819332211926170e-02
-1.0311802528804212e-02
2.0091315932725586e-02
-5.2712430271783222e-03
4.3394506379483541e-02
-1.2327743399324662e-02
-3.3598421057874890e-03
-1.8168516159653973e-02
1.6531013067303056e-02
2.1111701274135350e-02
-2.6853706750404648e-03
2.5790658159485984e-02
-1.5161772592459452e-02
-2.1675373155661998e-02
1.9545392300239932e-02
4.2169509431932130e-02
1.2310097843968183e-02
-1.6407829827233506e-02
-3.7587475611698465e-02
2.6057217540475602e-02
-1.4384095949563138e-02
-3.8282115703666053e-03
1.0892835241338867e-02
-1.1538487302015631e-02
-1.0562286560342304e-02
-1.0130912427950920e-02
2.2154716625380867e-02
1.1141458314032184e-02
-2.2326675830178475e-02
-1.7002788195722127e-02
-1.3083725907063139e-02
1.0192399518703604e-02
-1.7884455009782779e-02
1.3345894616965656e-02
8.6216387296145086e-03
8.5378140356162785e-03
2.1710088437997009e-02
-2.0500579669670435e-02
2.8956236593593428e-02
-4.3313826798718315e-03
-1.2833244736612869e-02
1.5584910533790308e-02
-2.5755003111609429e-02
1.3955355773503406e-02
-4.3157258293959905e-03
2.2850196124046519e-02
-1.0787575771545758e-02
-9.1019544419800105e-03
3.2596095788920941e-03
-2.3930171866124745e-02
1.3929545181592048e-02
-9.1909222102276936e-03
-7.1461850454325009e-03
-2.5086521370014669e-02
-2.5176854338673296e-02
-3.1843334088873885e-03
6.2121029140289247e-02
1.0032420127252677e-02
6.8441750195046116e-03
-2.2204171603810795e-02
-1.3073603839466810e-02
1.7214058557706319e-03
-1.4370840805661329e-02
7.4899174846173588e-03
-1.6949286033985753e-02
1.7552894082861696e-02
3.6853614949519720e-02
2.0281610527176457e-02
2.4009942182173002e-02
2.9641892645277307e-02
8.8437773855507516e-03
1.6909531706680917e-02
1.0256596070304097e-02
-1.3261837704523591e-02
-1.6044622391301167e-02
-6.9875865711924653e-03
-3.5973172708033754e-02
1.1968573991136371e-02
8.0602980996750447e-03
-3.1382488494361857e-02
5.6718035748657379e-03
2.6313959785331062e-02
-3.2461385592945549e-02
-1.6125756330604434e-02
5.1102570195236483e-03
3.1501107413604811e-02
-2.2123162442316203e-02
-5.4505055458712245e-03
1.3799376280067709e-03
1.1050367217505909e-02
2.6071559150016986e-02
-1.3188330517695480e-03
-1.5150900647378340e-02
1.7168412700326291e-02
4.8421098508248644e-03
-1.9776934474684850e-02
-1.0956183251814449e-02
-1.9758997665946191e-02
-1.0909772275356180e-02
-1.3231565108648686e-02
-2.3642682359291865e-02
-1.6562209623710314e-02
-2.1952338423135648e-04
5.9160078194163846e-03
-1.6621877725913680e-02
2.2740427677693704e-02
-1.4910082265917609e-02
1.7536987186998119e-02
6.4891106359694171e-03
1.3732354848675849e-02
5.2336149828568334e-03
2.7532220012402561e-02
-3.5930200106434459e-03
1.1954110832915081e-02
2.4098921090682920e-03
2.5003993002149193e-02
-1.0334524163021351e-02
1.9273283500987344e-02
1.0359737652629406e-03
2.4860296995486475e-02
2.5738359229101899e-02
-6.3592498586559146e-03
-1.1346522749746407e-02
-1.7622838175889909e-02
-1.3896903711762968e-02
-1.0859139424481782e-02
4.2233315866740447e-03
-1.5120141867369416e-03
-3.3255250456840071e-03
-1.7419149078596270e-02
-2.7703243804802324e-02
2.5226040078436963e-02
-2.6516905650617218e-03
9.6730677780495003e-03
-1.6945973569088970e-02
-9.4093445058047696e-03
2.7751947699358704e-04
-2.8139938824209270e-03
6.6528778009605815e-03
-4.2160484350862414e-03
2.3341018392312434e-02
-2.9103473686101299e-02
-1.4364662745253998e-03
-1.0910320867186350e-02
-8.6370259793748672e-03
-2.8648976474686784e-03
-2.4080004013405397e-02
6.6058094192767008e-03
3.9776343416221072e-03
8.3503465947485506e-03
7.4336097216046431e-04
-1.3346572773360881e-03
-2.9375972560768317e-03
2.0254422654238442e-02
-6.9260415628908433e-03
1.2943980490005055e-04
2.3411009138886423e-03
2.9489494860390209e-03
-1.5243546884407778e-02
2.1143442908355931e-02
4.9307876394576594e-03
2.7016959821407269e-03
4.5286110417793882e-03
2.2778480624975912e-02
1.2790035717927431e-02
-2.8590546456861227e-02
9.7570204497418635e-03
-1.8233102320362866e-02
-1.8139638475328450e-02
-2.7780511406171713e-03
-1.0242233707675673e-02
-6.5758880925638969e-03
2.4313328977770650e-03
-6.2664022000897711e-03
-8.4464732922576551e-03
1.2143288432260976e-02
2.0932157929593395e-02
9.4519444360855603e-04
2.8260385972116581e-02
3.2251737641162889e-03
3.3726439864472345e-03
9.0509128109407117e-03
8.6667472184212557e-04
-9.1558778895268027e-03
-1.4265500014251009e-02
-1.2128702991699122e-02
-1.6329818218071383e-02
4.6676712388415975e-02
-2.7615897215990198e-02
4.0107495145038134e-02
8.4801141954980244e-03
2.1648379411152406e-02
7.5957986056584048e-02
-2.5654805700138818e-02
-4.4440804352165880e-02
8.1648988455394519e-02
-5.4797239592963565e-03
2.2053907749000991e-02
5.4246154321180164e-02
-1.6761550005567432e-02
5.2585662457851325e-02
-1.2888283376389850e-02
7.4960655854807295e-03
-3.7596329678787753e-02
-1.6051652382733476e-02
-4.9059778961409409e-02
2.0151704621783527e-02
-1.9872951440476089e-03
-4.7012927203590859e-03
-5.2426740555272744e-02
5.8256961236265101e-03
-3.0367392786420158e-02
2.9726949540126106e-02
3.2173725042431052e-02
2.0042475534403484e-02
1.3319810362710332e-02
-2.8524532613229455e-03
-3.9240818244779332e-04
5.2001408429734421e-02
-3.1508448043961065e-02
-3.3296150851350390e-02
-2.9318463100372295e-04
-1.2603007582668987e-03
2.7896505957350659e-02
5.4029551218761143e-04
2.8988285460813504e-02
-4.8559359011713127e-02
-5.2980753896406298e-03
5.9484514380083869e-02
4.2211230078177939e-02
8.8695533189501657e-02
-2.6860446780411867e-02
1.7766658619870947e-02
-6.2254689758225207e-02
2.4921015679137178e-03
2.1851046200911280e-03
9.1226811446623989e-03
6.2199364703202649e-02
1.5249500824550576e-02
-1.1264511715323791e-02
1.3005855438590822e-02
7.8506346664634213e-04
2.1429620369395420e-02
1.7664860608763371e-02
1.0826124368127979e-03
4.0887208258528124e-02
6.5783858266353148e-02
-4.8622019265449359e-02
-3.7042274058080686e-03
2.1496454819328090e-02
-5.1551207548563099e-02
-1.1969509623852397e-03
2.3736109124155330e-02
2.8758272240420057e-02
4.9225032717349515e-02
3.7707971608701901e-02
-1.6599623540159463e-02
2.2795936113178497e-02
-2.6907499877366774e-02
-1.1522025410531560e-02
3.7665340212749719e-02
5.0080060421768657e-02
-2.3599663213534801e-03
1.4049692730323493e-02
-2.4211699109394604e-02
-7.5335750921154299e-02
-7.6799466680605222e-02
1.7684474737976706e-03
-5.5013874716720430e-02
1.8659038703811748e-02
3.5341276405913391e-02
-2.2796276118606781e-02
-2.7824554539671836e-02
6.9817938708382973e-03
5.5008442732882856e-03
-1.3971795378806126e-02
-3.4346890911729488e-04
5.0265470173898902e-02
-8.8163139621478565e-02
2.9598614533795822e-02
-7.6131450245759527e-02
-1.7862936453557306e-02
5.5279896943875806e-02
3.8297341946022460e-02
-2.5879081163061302e-02
-4.5646692692675475e-02
9.1981172940962780e-02
-2.1321764176744605e-02
2.6156197240343314e-02
-1.6254343287842232e-03
-1.0125667472492265e-02
-9.7575329070503838e-04
-2.9142129914179860e-02
-9.2774401031480297e-03
-1.7454527392335994e-02
-2.4705982228648331e-02
8.1635064687605157e-03
-1.4048112558669928e-02
2.8804684126258490e-03
1.8966413455080333e-03
4.4897481818546407e-03
1.3814451417276087e-02
1.6061164248774833e-02
-4.6652522612160166e-03
1.0581104526035131e-02
-5.0193218364717150e-03
2.2681471549234500e-02
-2.5548194876525442e-02
1.8304981021057549e-02
2.5136625037336324e-02
5.9220299973932380e-03
2.7058506813674967e-02
-1.3489188231913694e-03
4.8108773125899607e-03
2.5039107864252733e-02
2.2590358448093872e-02
2.1095346031550437e-02
-9.0365168040094732e-03
-2.6347264123281734e-02
-8.6185822222172373e-03
5.3061678771396236e-03
-1.9478767089666130e-02
1.8889819149010053e-02
-9.8420477378637124e-03
-6.3469667029273620e-03
-2.9216275668382417e-03
3.1093678967463977e-03
2.0309050962618085e-02
-6.4909642987763007e-03
-6.9501515805893282e-03
-5.2272367707582468e-03
5.1521302479842299e-03
-1.9611121743715255e-02
1.2135955841576507e-02
-9.7451860263156539e-03
-5.7089840809334260e-03
5.3155405123939447e-03
4.3712888399931316e-06
9.0070215728464062e-03
2.2016776941324360e-03
-3.0546240607515832e-02
3.6186863383054144e-02
1.0420181557728976e-03
1.4353259856742453e-02
1.5922570617465832e-02
2.4360830503694008e-03
6.9298183801868533e-03
5.2414528822425947e-03
6.4981731442660205e-03
-8.4379812785863630e-03
4.4820663147919049e-02
4.3596340569500500e-03
-5.8170039876735630e-03
2.0643651545398959e-03
-2.4637010922781016e-02
-2.1445109390537582e-02
-1.8168032478905746e-02
-1.5362778463981600e-02
2.8398231277627653e-02
2.7930397315445695e-03
-2.2364266423688786e-02
-2.0298620947204620e-02
-1.9225734784933977e-02
1.8620546147715078e-02
-6.2955960316702381e-03
2.9065145185323132e-04
2.9629144071738681e-02
4.1370204728784686e-02
4.0805408569470458e-02
4.5203087901287943e-02
-5.2332934059194803e-03
1.0740936567873737e-02
1.9430481193442237e-02
-2.1760575377147304e-02
1.6475287389378934e-02
2.5218254484322944e-03
-2.1984693043326731e-02
-1.6317074225198165e-03
1.5885384767523780e-02
-6.0327557115877530e-03
1.2738709588255674e-02
1.9130639812278801e-02
-1.8374998825571393e-02
-2.0760842045539515e-02
1.3069017255885673e-02
4.3889551219583108e-02
1.3659103491817053e-02
7.0611185026097749e-03
-1.2665684842088432e-03
-2.0083307379089289e-02
-1.8676587688878095e-02
-8.0413250757839453e-03
-3.6838544185686549e-04
-4.8538863725752120e-03
4.5238105222121152e-03
-4.7085333716352694e-03
-1.2167106845927101e-02
5.8219386635532701e-03
-5.2573071017314064e-04
9.1483529173335670e-03
2.3217593924449867e-03
-5.8903123797666174e-03
1.3620627709370653e-03
1.5092590042097855e-03
2.7247579056880678e-02
7.7144453950191193e-03
-1.2461302039962856e-02
-1.3919266951760172e-02
-8.1616449908505032e-03
-1.3211779786723554e-02
-9.7760226069733471e-03
-2.2716798527510768e-02
-2.0395145699816816e-02
-2.3544649472311014e-02
-1.0350984158962885e-02
-1.1028907262427527e-02
-3.0860541353788682e-03
-1.3276801116484490e-02
-2.8855123873398971e-02
-3.6686599071885734e-02
-1.5129890990070099e-02
6.0561072949942554e-03
1.0402124670580890e-02
9.0411091398602088e-03
2.8146186369333543e-02
2.0383198347411632e-02
-1.8084798671726069e-03
5.6825027857917345e-03
-1.0807951837067413e-03
1.7140074332606042e-02
2.8359823390401332e-02
-1.5338164339361892e-02
-1.2243596067427812e-02
3.8845238031190400e-04
2.6632248508925347e-02
1.9873776224814184e-02
3.2472997380686072e-04
-1.2802759616103131e-02
-7.3002784643001238e-03
-2.6517580810736601e-03
-1.0267900536253177e-02
2.7015591815512101e-02
-1.3760027880523114e-02
6.2358247938558552e-03
3.7925945621464542e-03
1.0370689270082665e-03
9.2389164250917515e-03
4.9054956691731858e-03
-4.6568132694304416e-03
-2.1410285222103545e-02
-1.6153971911274725e-02
-6.0392133901208183e-03
-3.5416998909124650e-03
-1.8687443243548218e-02
-8.5238937842329280e-03
6.3176377105892308e-03
1.6345018857417872e-02
-8.0833751784368576e-03
1.4481516431580761e-02
-1.5576282361696055e-02
-8.9761900702128080e-03
-3.1866632009010499e-03
-1.1333792210113269e-02
-2.1578057561413750e-02
-2.4431522542264317e-02
4.4470973572581063e-02
2.8673206756090055e-02
9.3850952781080257e-04
2.5849757120159557e-02
6.7246465069567907e-03
7.3960394790718994e-03
9.4873317718433617e-03
-3.3298142646793821e-03
-4.0208004716215419e-03
4.9490967025441358e-03
-9.3574948901484750e-03
-2.6518728991299055e-02
-1.1157710521556015e-02
-1.3310212337186366e-02
-1.5192732141716353e-02
2.3873743175373646e-02
1.9073752220848260e-03
-5.3477052176663081e-03
-5.4932113426882870e-03
5.4426718252507736e-03
2.3428938612473516e-02
-2.2699803353189944e-03
-1.6637127137847513e-03
-1.0060683376780606e-02
-4.9902054380279804e-03
8.5246450962851439e-03
-1.2367294256037366e-02
2.7436511383850826e-03
5.1372538582843486e-03
4.1202293388940478e-02
-2.1008039214826864e-02
-2.2296040208676761e-03
-1.9272664081874353e-02
-1.9561938308601669e-02
-2.2361771843488802e-02
-2.1400711957515889e-02
-9.2821824427843612e-03
-1.1538060151085458e-04
-3.3710880470952439e-03
9.6564134143778228e-04
6.2648872456560773e-04
-6.0295765335782077e-03
1.8477736285081564e-02
4.2442938934421880e-03
1.1110568998608374e-02
-1.1538102326271154e-03
3.5431940595861376e-02
-3.9777068558995822e-03
1.8797157394985576e-03
-4.3480963303698279e-03
-7.4154214382338365e-03
-1.8068896976786483e-02
1.1991850259369424e-02
-6.9557480811383576e-03
2.6813968721779893e-02
-1.7065287855322412e-02
1.6042603431776718e-02
-9.8415564332405298e-03
-1.7350220048692779e-02
1.9560157604252490e-03
-8.2152410426836135e-03
1.3119940998935757e-02
-4.2311510803470318e-03
-1.0488969098559751e-02
-5.0403519718336147e-03
-1.8246095705689053e-02
1.0894629744986308e-02
1.0609480755191513e-02
1.6507298300413073e-02
1.8043372547527576e-03
5.6496440664880153e-03
3.1717594150299962e-03
-1.8922272630337338e-02
5.1721865738589730e-03
1.2210003897652769e-02
1.7599790262840309e-02
-4.5668893417124060e-02
-2.7542880764296306e-02
-4.4606602318562460e-04
-2.2396247209797854e-02
-2.2283321318430117e-03
-2.7424620904711074e-02
1.3945096782742625e-02
-1.2580945251440285e-02
-6.3864084511661545e-03
-1.7458863483821755e-02
-1.0059256286207479e-02
-8.2033309190162797e-03
-2.6308597030150684e-02
2.3172809505129545e-04
6.2635838997256391e-03
3.1348373109732659e-02
1.0801260152620558e-03
-3.6182724369923445e-02
3.8163512121864641e-03
1.0319085539817576e-02
1.3110047414349405e-03
1.0432226209565621e-03
-8.0411690818563506e-03
1.0386083403283295e-02
1.4295037068647466e-02
8.0169348089145047e-03
-1.0710703992174952e-02
-1.8558982231770417e-02
-2.0214525888681101e-02
1.0531876957420058e-03
6.9337435224260929e-03
1.7651582463363111e-02
9.7336032679152546e-03
-1.2657749583468644e-02
-1.2509927366432386e-03
-2.0497921833524772e-03
1.1050537185406486e-02
5.7270402369480073e-03
-3.9438880248362177e-03
4.6720890042086360e-03
1.0241797957707658e-02
-8.7256060312884964e-03
-3.8964814288879363e-03
-1.5259977977435460e-03
-1.7786697610046028e-02
-2.7603740221920525e-02
-9.9608392013558755e-03
1.9575620212029778e-02
1.8433797824587077e-02
1.2799789174857997e-02
2.4927225082418757e-02
7.2651860315322073e-04
-3.4290452097371161e-03
-7.3316032149302227e-02
4.8386322890606841e-02
-1.1903222675631955e-02
3.3053200391183493e-02
3.6453476949258025e-02
2.1528552934527399e-02
4.2411035948417830e-02
-2.6651797249021419e-02
-6.2911018345475789e-04
9.1095184284636106e-03
-7.7065059161982377e-03
5.1870832130083682e-03
-1.1400725260528041e-02
3.5368466926057520e-03
-1.0759247806180140e-02
-3.6235750023876571e-02
-1.6271599128547280e-03
-5.8073738931331921e-02
-3.3081907742655071e-03
-2.6605831924674084e-02
-9.1025322630887018e-03
8.5631161000551889e-03
-1.9787633068703075e-03
1.7291610933091672e-02
2.3690521403763199e-02
-2.1096506277019162e-02
1.1856521850658741e-02
-2.8085871163944256e-02
2.7806002113287098e-02
1.6697052374271066e-02
-5.6360297305970714e-03
-1.1659176783194031e-02
4.8065625034272048e-03
-3.7088233409831462e-03
9.6347267329363120e-03
7.0626035495996737e-03
3.2683152135958404e-02
-2.5081180542331275e-02
3.2493232017285463e-03
-3.7063861532987324e-02
5.4400876841817778e-03
-2.3910335706872683e-02
1.3575061705480698e-02
6.1094745591546686e-02
-2.1407142565805497e-02
-2.9536753198367318e-02
-1.0064106140447964e-02
6.2734454746264198e-02
3.3916735691122468e-02
-3.8534300509283411e-03
3.0317943836890383e-02
2.1247342960598221e-02
2.1706918035551956e-02
-2.3009037972237453e-03
3.8818413286068207e-02
4.0695874499475935e-03
-1.6259190553824528e-02
2.7957557648121252e-02
5.1473478296942959e-02
4.8053103545482638e-02
-1.5583238270423207e-02
2.7828321092659945e-03
-4.3582263834112733e-02
1.2094946720040791e-02
2.3390889782900302e-02
-5.7589080848053789e-03
-4.9148743301023562e-02
1.2388430551358156e-02
-2.4792962322225101e-03
1.6461053599535320e-02
-3.2804258158249139e-02
-5.0281643448427477e-02
-9.5139042772946006e-03
3.1327314893826921e-03
2.7407529165661294e-02
1.8551475324695234e-02
-3.0068318766845206e-02
-1.1691562578386659e-02
-4.1181019039242067e-02
-2.4515273523560782e-02
1.1879646271162132e-02
1.6052644300021224e-02
2.5354498631020971e-03
3.7744476605485654e-02
1.5556872793565935e-03
-8.9744133221248690e-03
2.1912459956534132e-02
-2.2408517371482049e-02
2.1973560531794292e-02
-5.6708138167949999e-03
-1.3085339863880193e-02
-9.7768267531314311e-03
5.7540214101264364e-02
-1.6478427087135393e-02
5.2539871094407525e-02
1.8694252724055498e-02
1.6325623414208154e-03
3.8124791703837514e-02
-2.5418586466646520e-02
-2.8735148069338285e-03
-4.0744599561937739e-02
6.8224206117565968e-03
-2.0290959989685945e-02
2.3167518710585137e-02
1.6134645330113218e-02
3.4744538749094826e-02
1.7265471828710181e-02
6.6633608091931406e-03
-7.6539038594577620e-03
3.4455433385298100e-02
-5.3275192385565225e-02
3.5179022707528061e-02
-4.1810463872311446e-03
-2.1456460921750645e-02
-1.6047755419520610e-02
9.0188265133372882e-04
3.0831271644256319e-02
-4.6255883804300124e-02
-1.0064304163683698e-02
8.6618246555308642e-03
-1.8616566078423390e-02
-3.6687327202959183e-02
-1.7432309827495402e-02
1.1758466609944711e-02
1.7793255831615548e-02
-4.1284635232637160e-02
4.2917901874358629e-02
-1.7810825028087195e-02
6.0720554612186993e-04
2.6761282373680790e-04
-3.7454784564744208e-03
-1.0836154751994615e-02
-1.1595936587639317e-02
-8.7204232280460956e-03
5.3381802595980519e-03
-8.4209017058344705e-03
-5.6910251378093999e-03
4.9601817776497139e-03
-1.1879959705367427e-02
-3.0554314558524165e-03
-3.6528930772931206e-02
-1.8934416889310659e-02
-2.7625312435197096e-02
1.1760330226832538e-02
-6.2499244862848247e-02
-6.4798644149684720e-03
-1.8045230764007348e-03
2.3578714721405533e-02
4.9611073391057865e-02
-2.6131087580261541e-02
1.8312066308210591e-02
-4.8050431482979758e-02
8.2672067396025693e-03
2.4119040734737661e-02
2.6242476240085102e-02
1.8407053113378962e-02
3.8780632179828176e-02
2.8926681788878722e-02
1.2457175243176110e-02
3.5335153931492592e-02
-1.9536147248177749e-02
1.0837964283577565e-03
-7.6991657450976678e-02
-2.6762534893832089e-02
3.7910090323571038e-02
1.9232700889290629e-02
-3.7084888037619682e-02
-2.2306386746578401e-02
-9.5890404719739877e-03
-1.1398349381175727e-02
1.0046535251626687e-02
-1.5481560462395617e-02
-1.1368118431396099e-02
-2.1550633544407477e-02
2.9013685209886165e-02
3.4122495244975851e-03
-3.9282425993640284e-02
1.7165373704974619e-03
-1.6806095124927027e-02
-1.4977263715325251e-02
3.2276444674017211e-02
1.5387289017682791e-02
1.0177822930112214e-02
-4.6831662817178654e-02
2.6044967390470072e-02
3.5428999712470870e-02
3.5323576009078345e-02
-1.6597012071294173e-02
5.8262433137811608e-03
2.7765754981079853e-03
-5.8440189218180467e-03
1.9303027893047865e-02
-1.3278072888914375e-02
-4.0170244989346793e-03
2.9288499137837456e-03
-1.9160748108975886e-02
-1.0246652166807112e-02
-2.1985952245556030e-02
-8.8259426437527974e-03
-6.1155615484273663e-03
9.4734896562874871e-02
-1.7182900689437931e-02
-1.2512084442343705e-02
-1.8863211538871539e-02
-3.4650979850837496e-02
-1.3721663211187523e-02
-2.5030467635241103e-02
7.8623585745426130e-03
-5.6498695155534989e-02
-1.2733831051111292e-02
-8.3350788087066877e-03
2.1758227601014798e-02
-1.2907171504905361e-02
1.9609038040402288e-02
8.3435269098344131e-03
2.6650845246684443e-02
-1.5038016347745761e-02
4.2008299852284110e-02
-5.6464938903522544e-03
1.6848689476532880e-03
-5.3536190965210676e-03
-2.7556108902559589e-02
-4.8673333249107205e-03
1.9564280323048792e-02
-1.6127779354355647e-02
1.2582903237288282e-02
-9.7334970101241661e-03
1.8954216121059506e-02
-2.2432090771447449e-03
-1.9914303076752429e-02
3.0747091408047864e-02
7.6134491708858068e-03
1.6441720233037773e-02
-1.7921002502128990e-02
-1.8846422402677150e-02
1.4344117928572556e-03
-3.2078573757520663e-02
1.5446458623397065e-02
2.2244815500793999e-03
4.3590606252124686e-02
6.6782744269610252e-03
2.4584800408053286e-02
1.1406489844626533e-03
-3.6973434632330750e-02
-2.3173949223309686e-02
4.0961407164723365e-02
2.1841701098381440e-02
-6.3123083913297198e-02
-2.2256147228893779e-02
-2.3948750910250113e-02
-4.9650648237976783e-02
-4.5507267389647367e-02
-4.3770043633634015e-02
2.0607128239097806e-02
-4.0496283239785366e-02
2.1464335099415831e-02
1.2061532502747411e-02
-2.1385023232443366e-02
-1.9263770632867293e-02
-4.9532505330288433e-02
1.1910916005778382e-02
-1.9102411750705300e-02
2.3974029821322414e-02
-1.3149096101713723e-02
-1.4506562868379581e-02
3.2977772927545682e-02
-1.2796602314321144e-02
-3.7327421437259589e-02
1.4697450767726182e-02
-4.5662072058587064e-02
3.4986685554103843e-02
6.5228763243451754e-02
3.7623388245228914e-02
-1.8289111712242442e-02
-1.8722331132059568e-03
-2.6085342907594667e-02
-2.4470830154439175e-03
-8.3982277682186357e-03
2.0210476886079829e-02
2.1736265197398248e-02
-2.7194069304564750e-02
6.3185022179673180e-03
1.9126400231691390e-02
-3.1283946042566790e-02
9.6665143692509295e-03
-2.8064637443514097e-02
3.1384021696920290e-02
3.8756454568643073e-03
-3.1007171590501731e-02
-8.7977159487409810e-03
2.0334617697002264e-02
-2.9347288730569389e-02
-3.8632531713588290e-02
-4.8485581970990344e-04
2.2410512781963807e-02
7.8466986423882321e-03
-1.7053456177565374e-02
1.7064435914444800e-02
-2.3973565123105315e-03
-5.4821646959229212e-03
-4.3140342876777468e-02
2.6298200371645090e-04
-6.9146482730359643e-03
6.8509194143497312e-03
1.4362451284385680e-02
2.1336772022537680e-02
1.7172646331996166e-02
1.7091133134278770e-02
2.1170546675518587e-02
9.7456056182631309e-03
-1.1663459082082476e-02
-9.9228909336407205e-03
1.0956340778589108e-02
-3.2154686392224338e-02
-2.9342981773071673e-03
-6.5659038676807273e-03
2.0328100907802273e-02
-3.0906749524803295e-02
6.6199067783821253e-03
6.6273419404687156e-04
1.2439912132600116e-02
-7.4460241870088527e-03
-6.6526951929943984e-04
-1.1473485472286020e-02
-1.2198243087637520e-02
-4.4899584409925898e-02
1.1242855128790081e-02
-7.2107347050546005e-03
7.0705437232155260e-03
2.3437599361187380e-03
-1.1325579521722076e-02
7.0749941415142893e-03
-1.1246622939242739e-02
6.3744639298437024e-03
3.6233446735247574e-03
2.2894283004596559e-03
2.7152225922664502e-02
-5.9103674006531874e-03
-1.0251552140896954e-02
-5.3329893580479487e-03
-9.1953859196244204e-03
-6.2508737268430516e-03
-8.4485193022164531e-03
1.5997152628210356e-03
-7.5584844589757540e-03
-2.3818954541397687e-02
-2.2182311277703492e-02
3.5113427643865311e-02
2.1935753010181899e-02
4.5084290645546771e-03
3.3570304007518474e-02
-2.4168340765401679e-03
2.8976010967044538e-02
-1.8297077526770577e-03
1.2306256019890806e-02
-8.3640461069382083e-03
9.0671354622844039e-03
2.0900521645932299e-02
1.5569689070325235e-03
7.4318557158858968e-03
-1.7652258074155727e-02
1.6346944200582504e-02
-3.1181047346048429e-02
-1.8085387068059677e-02
2.1179681072489551e-02
-1.4623718092300963e-02
-5.5118045592512082e-03
4.9212292424685418e-03
-2.0759465829369342e-02
-4.9233253353298274e-03
-9.0162818156786714e-03
-1.6358496612101939e-02
-2.1098694525002064e-02
1.0748595054351448e-02
3.0976298862086155e-02
3.2973946056553100e-02
8.0067392654306711e-04
1.0765789094049559e-02
-2.8971978575868754e-03
-5.8572730441208542e-03
1.7470660784759357e-02
-1.6625786561630881e-02
-2.3638301743975288e-02
-1.6489793791160764e-02
-5.7075151127215090e-03
2.7391051721850915e-02
1.1953730039531466e-02
7.6602274597665854e-03
5.5442312961877455e-03
2.7656593255369994e-03
1.1328444772153922e-03
3.7329822481980780e-02
1.3588459319190480e-03
-9.0239521308640991e-04
2.1056740263307602e-02
-2.7722422784061829e-03
-1.0999218886730821e-02
2.9238075378109844e-02
1.6820896460609875e-02
-2.0318263051216506e-02
-1.6010170500229098e-02
4.5140368804216353e-02
-1.7382143848318852e-02
4.9507429488016917e-02
2.6363645303264766e-02
2.1354455033498615e-02
3.9407793857672124e-02
-1.7767896481418580e-02
-8.2731356064710462e-03
1.6252158522245722e-02
-2.0138521157712815e-02
5.5044605783575104e-03
-9.2881890530313801e-03
-6.9281363203859752e-03
-2.6247707365285589e-02
-3.8744895600551527e-02
8.1055959163000603e-03
-5.9398410976261883e-02
-1.0476951228849580e-02
-8.1868611238074696e-03
-3.4151177320654140e-02
-6.5680403188452016e-02
-2.3481273394261939e-02
5.8073271521037412e-03
3.6094878265386848e-02
-4.0176847062553964e-02
-1.6372957119887697e-02
3.0776713526809432e-03
5.3274316377158850e-03
1.6916264013350196e-02
3.7747581731861234e-02
9.9834958535964568e-04
-1.4182465136471079e-02
-1.2102043184034747e-02
3.4078617889141842e-02
2.9054130426488304e-02
4.0957869410112584e-02
-3.4259814065107662e-02
6.2824504126850122e-03
-2.6531325699605680e-02
2.7030504432277560e-03
-5.3490344056624410e-03
-2.2063438578850424e-02
3.4272957759967054e-02
-5.8366062526860808e-02
1.3728188925141459e-02
-1.0634706863709273e-02
3.1170372597555653e-02
1.4526270771210220e-02
-9.4296115009215344e-03
1.2010367469157381e-02
-1.9350254443642516e-02
2.7589357544460933e-02
8.7056097449314616e-03
1.4418240857598540e-02
-5.0349719164774738e-03
-3.4203973235509243e-03
1.0569095202874149e-02
2.6638071614066769e-02
6.0529822469515548e-04
3.7614136387157660e-03
1.5563497471020165e-02
-4.4979112725022391e-02
-1.2425116663879439e-02
1.3506323229891426e-02
-1.5380751984007072e-02
-3.0965710884636281e-02
-1.6306979544103543e-02
-7.2768461571598823e-03
-1.6261708095518572e-02
-1.8962089481614743e-02
5.8802751962440010e-03
-2.6430998311110451e-02
-6.3832317737085118e-03
1.3808887127680171e-02
-1.5667289692581292e-02
-1.5452503274687869e-02
-5.5202945820795758e-03
-1.1189003782475081e-02
3.8803979781365768e-03
3.4053740316354560e-02
2.1727132380930420e-03
-2.3178731038537653e-02
-6.1762118873763157e-03
-3.2506020698872748e-02
2.0381556218065592e-02
2.0994298811036729e-02
-3.2666241850749803e-02
1.3263078443481572e-02
2.2397827197152696e-02
2.5851674009156715e-03
-2.1476271917248522e-03
2.3773962422313184e-02
1.5681553596712715e-02
-1.0124686324791519e-02
-1.3264425692470451e-06
-1.3521189695476403e-02
-6.9421980703728318e-03
8.0940185351496240e-03
-1.1765979819402918e-02
1.9440805195807355e-02
-2.4009573972951421e-03
2.8216330308552264e-03
-7.5139339076253468e-03
-3.1636087204446007e-03
-2.0934167399222013e-02
8.6630869042223085e-03
1.9831267165783911e-02
-3.2284499942954450e-03
-1.9027406899338017e-02
5.2997580673013215e-03
-4.8460557281216482e-03
3.3119703996642068e-02
-2.2975999246480177e-02
2.1250658556013630e-02
1.5519828171676450e-02
1.4600417489155479e-03
1.9892925260686239e-02
1.7108686136382938e-02
1.7391895642408131e-02
2.2241473759810098e-02
4.9968867775578686e-03
2.0109648442238646e-02
-1.1225246536700801e-02
-1.4434302533078466e-02
-1.7733314613549007e-02
-1.2736944193966008e-02
-7.3481134491199833e-03
2.2031700984650559e-03
1.8754912895815022e-03
2.2234715917820694e-03
2.7714639438609700e-02
-1.2982851191292992e-02
2.2119027974667249e-02
2.5093428447742309e-03
7.6482653673974887e-03
1.5258097925867298e-02
1.3305599553887697e-03
-5.9266256559810339e-03
1.2882258199830195e-02
-5.5110112541207328e-03
1.9740488227044935e-02
3.5999940182936318e-03
-1.4718427406461423e-02
2.0681679550984919e-02
5.8006050400097806e-03
-6.6840328185261031e-03
-2.1236477398376575e-02
-2.9883766499612559e-03
1.8099144819813392e-02
-1.3946797112232746e-02
-9.9467856809848931e-03
1.3134352325190026e-02
-1.7387636879635938e-02
-2.0793532557484007e-02
1.0711620418846246e-02
1.7057883840734401e-03
-1.1972433893794581e-02
-2.6448909613831346e-02
-3.1961797359599579e-03
1.0482822091146007e-02
-9.2178298795183265e-03
-2.9605211067646846e-03
-2.5348107489302713e-03
2.8452384971713648e-03
-4.3683396804961895e-03
3.5110912377911654e-02
2.0715410011581514e-04
-7.7942651925620001e-03
-4.4456543630798468e-03
1.1918105307661832e-02
1.3661177634525528e-02
-2.9271941658483114e-03
2.2382021149450020e-02
-3.5830389319146602e-03
1.9778077410968868e-02
1.7120439628468091e-02
2.5877373804054395e-03
6.6491089908401572e-03
5.3092592984931115e-03
-7.5715716613731642e-04
-1.4950378217810770e-02
2.4883240579877935e-03
-1.0826714100942349e-02
-1.4799337428100537e-02
-9.3806145723955819e-04
-3.6882101065491231e-02
1.5403380912154331e-02
-9.0721249589509573e-04
4.7999590138820356e-03
9.0783167073357034e-03
5.2697682077001585e-03
1.3485750196468946e-02
